segment,mean,median,max
2013-01-01-0,9.06,0.00,246.11
2013-01-01-3,3.68,2.98,22.36
2013-01-01-6,9.33,9.24,24.33
2013-01-01-12,14.49,16.02,26.21
2013-01-01-15,14.40,14.83,37.84
2013-01-01-18,5.13,0.00,64.02
2013-01-01-21,0.00,0.00,0.00
2013-01-02-0,8.09,0.00,60.47
2013-01-02-3,2.38,2.09,21.77
2013-01-02-6,5.84,4.77,23.30
2013-01-02-9,21.19,20.89,63.46
2013-01-02-12,52.66,49.01,184.79
2013-01-02-15,22.13,20.38,202.60
2013-01-02-18,1.37,0.00,52.66
2013-01-02-21,0.00,0.00,0.00
2013-01-03-0,8.56,0.00,244.85
2013-01-03-3,5.86,5.63,24.66
2013-01-03-6,6.43,5.34,33.78
2013-01-03-9,13.76,11.56,174.38
2013-01-03-12,14.44,15.17,29.10
2013-01-03-15,14.99,12.56,248.62
2013-01-03-18,2.37,0.00,48.31
2013-01-03-21,0.00,0.00,0.00
2013-01-04-0,7.36,0.00,67.60
2013-01-04-3,5.01,4.46,24.12
2013-01-04-6,4.89,4.76,23.53
2013-01-04-9,5.05,4.76,27.04
2013-01-04-12,7.14,7.13,25.38
2013-01-04-15,9.76,7.13,246.11
2013-01-04-18,1.55,0.00,36.68
2013-01-04-21,0.00,0.00,0.00
2013-01-05-0,5.06,0.00,33.12
2013-01-05-3,5.38,5.06,29.40
2013-01-05-6,6.85,5.63,42.72
2013-01-05-9,5.01,4.72,58.88
2013-01-05-12,0.00,0.00,0.00
2013-01-05-15,1.60,0.00,133.02
2013-01-05-18,4.47,0.00,105.79
2013-01-05-21,0.00,0.00,0.00
2013-01-06-0,8.56,0.00,127.89
2013-01-06-3,6.00,5.04,31.73
2013-01-06-6,5.74,4.44,29.38
2013-01-06-9,7.73,5.35,93.11
2013-01-06-12,7.47,6.22,36.98
2013-01-06-15,7.62,5.06,44.42
2013-01-06-18,2.16,0.00,44.37
2013-01-06-21,0.00,0.00,0.00
2013-01-07-0,8.13,0.00,246.45
2013-01-07-3,4.81,3.58,41.21
2013-01-07-6,7.07,3.58,170.57
2013-01-07-9,5.26,2.68,92.34
2013-01-07-12,2.43,2.09,21.18
2013-01-07-15,7.12,2.99,99.16
2013-01-07-18,2.72,0.00,94.81
2013-01-07-21,0.00,0.00,0.00
2013-01-08-0,7.06,0.00,222.71
2013-01-08-3,3.36,2.09,21.70
2013-01-08-6,2.28,1.49,22.30
2013-01-08-9,2.50,1.20,76.45
2013-01-08-12,2.61,1.49,27.64
2013-01-08-15,8.56,3.59,68.71
2013-01-08-18,1.56,0.00,50.93
2013-01-08-21,0.00,0.00,0.00
2013-01-09-0,5.85,0.00,92.71
2013-01-09-3,2.38,2.09,228.21
2013-01-09-6,9.70,5.07,192.26
2013-01-09-9,28.19,16.86,226.63
2013-01-09-12,4.31,2.39,53.96
2013-01-09-15,6.54,2.09,42.82
2013-01-09-18,1.41,0.00,42.28
2013-01-09-21,0.00,0.00,0.00
2013-01-10-0,6.99,0.00,247.31
2013-01-10-3,4.36,2.39,32.92
2013-01-10-6,4.19,2.69,23.78
2013-01-10-9,17.41,7.38,234.98
2013-01-10-12,5.59,2.68,55.08
2013-01-10-15,5.86,1.79,49.80
2013-01-10-18,1.66,0.00,48.92
2013-01-10-21,0.00,0.00,0.00
2013-01-11-0,5.36,0.00,40.76
2013-01-11-3,2.11,2.09,6.87
2013-01-11-6,2.88,2.99,7.44
2013-01-11-9,16.91,12.13,80.00
2013-01-11-12,17.33,10.09,148.48
2013-01-11-15,7.66,3.89,46.90
2013-01-11-18,1.46,0.00,46.51
2013-01-11-21,0.00,0.00,0.00
2013-01-12-0,4.55,0.00,32.94
2013-01-12-3,1.24,1.20,8.69
2013-01-12-6,2.21,2.09,9.56
2013-01-12-9,7.63,5.04,33.65
2013-01-12-12,13.66,12.74,35.81
2013-01-12-15,7.52,4.17,61.95
2013-01-12-18,2.37,0.00,60.16
2013-01-12-21,0.00,0.00,0.00
2013-01-13-0,6.36,0.00,47.55
2013-01-13-3,3.81,3.59,21.47
2013-01-13-6,11.01,10.68,90.37
2013-01-13-9,8.22,8.29,24.78
2013-01-13-12,12.64,12.19,31.52
2013-01-13-15,15.28,13.98,54.85
2013-01-13-18,1.57,0.00,53.04
2013-01-13-21,0.00,0.00,0.00
2013-01-14-0,6.23,0.00,38.28
2013-01-14-3,3.92,2.39,29.07
2013-01-14-6,13.91,11.87,68.32
2013-01-14-9,40.25,36.19,147.76
2013-01-14-12,32.63,32.98,97.35
2013-01-14-15,5.10,2.97,75.50
2013-01-14-18,5.70,0.00,143.45
2013-01-14-21,0.00,0.00,0.00
2013-01-15-0,3.87,0.00,32.02
2013-01-15-3,3.06,2.69,11.03
2013-01-15-6,8.51,4.16,46.44
2013-01-15-9,18.36,16.81,58.01
2013-01-15-12,13.30,6.51,58.45
2013-01-15-15,2.17,0.30,17.73
2013-01-15-18,0.00,0.00,0.00
2013-01-15-21,0.00,0.00,0.00
2013-01-16-0,0.00,0.00,0.00
2013-01-16-3,4.03,5.34,17.00
2013-01-16-6,5.12,5.34,22.66
2013-01-16-9,17.23,13.40,76.54
2013-01-16-12,11.53,10.34,58.07
2013-01-16-15,12.55,9.17,52.99
2013-01-16-18,0.00,0.00,0.00
2013-01-16-21,0.00,0.00,0.00
2013-01-17-0,4.24,0.00,36.03
2013-01-17-3,6.70,6.56,23.70
2013-01-17-6,5.64,5.92,12.76
2013-01-17-9,6.36,5.95,22.56
2013-01-17-12,16.76,15.44,74.49
2013-01-17-15,106.68,108.77,248.84
2013-01-17-18,0.00,0.00,0.00
2013-01-17-21,0.00,0.00,0.00
2013-01-18-0,4.16,0.00,83.38
2013-01-18-3,19.63,17.54,247.70
2013-01-18-6,13.31,11.56,54.88
2013-01-18-9,13.50,10.07,54.79
2013-01-18-12,10.08,7.71,108.78
2013-01-18-15,11.56,8.89,55.89
2013-01-18-18,0.00,0.00,0.00
2013-01-18-21,0.00,0.00,0.00
2013-01-19-0,5.02,0.00,217.34
2013-01-19-3,13.11,11.88,248.84
2013-01-19-6,10.41,8.58,68.55
2013-01-19-9,7.74,6.82,61.74
2013-01-19-12,6.59,5.04,62.90
2013-01-19-15,11.82,7.11,70.09
2013-01-19-18,0.00,0.00,0.00
2013-01-19-21,0.00,0.00,0.00
2013-01-20-0,3.67,0.00,128.53
2013-01-20-6,76.86,61.33,249.07
2013-01-20-9,69.56,69.28,231.14
2013-01-20-12,30.69,30.34,79.88
2013-01-20-15,5.95,2.09,44.75
2013-01-20-18,0.00,0.00,0.00
2013-01-20-21,0.00,0.00,0.00
2013-01-21-0,2.39,0.00,31.14
2013-01-21-3,15.75,16.91,26.68
2013-01-21-6,18.00,20.23,223.89
2013-01-21-9,28.41,24.06,192.37
2013-01-21-12,22.45,17.18,129.12
2013-01-21-15,15.17,7.41,140.24
2013-01-21-18,0.00,0.00,0.00
2013-01-21-21,0.00,0.00,0.00
2013-01-22-0,6.35,0.00,242.35
2013-01-22-3,12.53,11.50,33.70
2013-01-22-6,16.48,14.85,248.73
2013-01-22-9,13.49,10.33,177.94
2013-01-22-12,14.90,8.62,192.23
2013-01-22-15,13.53,7.12,118.19
2013-01-22-18,0.00,0.00,0.00
2013-01-22-21,0.00,0.00,0.00
2013-01-23-0,3.89,0.00,215.86
2013-01-23-3,13.24,12.33,57.97
2013-01-23-6,19.11,16.02,248.62
2013-01-23-9,5.07,0.00,184.97
2013-01-23-12,0.00,0.00,0.00
2013-01-23-15,0.00,0.00,0.00
2013-01-23-18,0.00,0.00,0.00
2013-01-23-21,0.00,0.00,0.00
2013-01-24-0,0.65,0.00,28.98
2013-01-24-12,13.34,10.79,64.03
2013-01-24-15,14.23,6.95,123.59
2013-01-24-18,0.00,0.00,0.00
2013-01-24-21,0.00,0.00,0.00
2013-01-25-0,3.60,0.00,73.88
2013-01-25-3,16.95,16.79,35.41
2013-01-25-12,25.10,16.53,164.61
2013-01-25-15,18.05,8.94,200.52
2013-01-25-18,0.00,0.00,0.00
2013-01-25-21,0.00,0.00,0.00
2013-01-26-0,2.57,0.00,38.04
2013-01-26-3,23.50,24.11,70.89
2013-01-26-12,136.09,136.46,249.07
2013-01-26-15,105.53,101.61,249.07
2013-01-26-18,0.00,0.00,0.00
2013-01-26-21,0.00,0.00,0.00
2013-01-27-0,0.89,0.00,35.86
2013-01-27-3,21.83,23.13,41.06
2013-01-27-12,35.82,34.58,248.96
2013-01-27-15,25.17,18.78,130.76
2013-01-27-18,0.00,0.00,0.00
2013-01-27-21,0.00,0.00,0.00
2013-01-28-0,3.27,0.00,98.12
2013-01-28-3,11.13,9.75,96.75
2013-01-28-6,15.43,14.29,165.65
2013-01-28-9,20.28,18.91,186.19
2013-01-28-12,32.52,25.71,248.62
2013-01-28-15,26.23,24.13,123.52
2013-01-28-18,0.00,0.00,0.00
2013-01-28-21,0.00,0.00,0.00
2013-01-29-0,4.88,0.00,223.59
2013-01-29-3,7.93,5.95,129.92
2013-01-29-6,13.05,10.75,169.23
2013-01-29-9,21.21,16.74,207.76
2013-01-29-12,28.10,22.67,248.39
2013-01-29-15,21.89,25.24,55.80
2013-01-29-18,0.00,0.00,0.00
2013-01-29-21,0.00,0.00,0.00
2013-01-30-0,3.05,0.00,50.78
2013-01-30-3,4.71,3.28,52.12
2013-01-30-6,9.61,8.65,25.86
2013-01-30-9,16.61,18.09,34.34
2013-01-30-12,16.39,17.16,31.80
2013-01-30-15,13.65,13.94,45.87
2013-01-30-18,0.00,0.00,0.00
2013-01-30-21,0.00,0.00,0.00
2013-01-31-0,2.33,0.00,37.95
2013-01-31-3,1.72,0.90,25.36
2013-01-31-6,3.84,2.69,23.53
2013-01-31-9,12.97,13.39,32.47
2013-01-31-12,12.97,13.51,26.09
2013-01-31-15,7.46,5.67,32.79
2013-01-31-18,0.00,0.00,0.00
2013-01-31-21,0.00,0.00,0.00
2013-02-01-0,1.69,0.00,30.80
2013-02-01-3,2.87,1.79,31.63
2013-02-01-6,3.58,2.68,25.80
2013-02-01-9,34.47,23.12,114.98
2013-02-01-12,52.61,48.14,141.53
2013-02-01-15,26.14,27.19,248.39
2013-02-01-18,0.00,0.00,0.00
2013-02-01-21,0.00,0.00,0.00
2013-02-02-0,1.10,0.00,54.34
2013-02-02-3,22.88,13.11,229.29
2013-02-02-6,33.83,34.43,218.42
2013-02-02-9,92.20,87.27,249.07
2013-02-02-12,24.27,18.10,110.33
2013-02-02-15,30.52,31.97,90.74
2013-02-02-18,0.00,0.00,0.00
2013-02-02-21,0.00,0.00,0.00
2013-02-03-0,0.81,0.00,87.99
2013-02-03-3,8.02,5.64,92.70
2013-02-03-6,5.20,4.15,27.55
2013-02-03-9,10.36,8.31,62.83
2013-02-03-12,26.90,17.48,132.19
2013-02-03-15,17.92,14.31,122.58
2013-02-03-18,0.00,0.00,0.00
2013-02-03-21,0.00,0.00,0.00
2013-02-04-0,0.46,0.00,27.97
2013-02-04-3,6.74,3.89,30.70
2013-02-04-6,4.22,3.58,18.81
2013-02-04-9,4.16,3.58,21.35
2013-02-04-12,17.00,14.81,64.54
2013-02-04-15,7.83,6.22,35.70
2013-02-04-18,0.00,0.00,0.00
2013-02-04-21,0.00,0.00,0.00
2013-02-05-0,0.10,0.00,20.59
2013-02-05-3,6.73,3.89,37.40
2013-02-05-6,7.64,6.84,32.79
2013-02-05-9,10.52,8.90,75.09
2013-02-05-12,17.65,10.66,115.46
2013-02-05-15,7.58,4.40,48.20
2013-02-05-18,0.00,0.00,0.00
2013-02-05-21,0.00,0.00,0.00
2013-02-06-0,0.05,0.00,6.83
2013-02-06-3,5.81,2.99,34.24
2013-02-06-6,2.79,2.69,21.18
2013-02-06-9,4.24,2.09,38.05
2013-02-06-12,1.28,0.90,21.77
2013-02-06-15,0.00,0.00,0.00
2013-02-06-18,0.00,0.00,0.00
2013-02-06-21,0.00,0.00,0.00
2013-02-07-0,0.00,0.00,0.00
2013-02-07-3,6.15,3.86,31.51
2013-02-07-6,36.19,23.66,171.87
2013-02-07-9,39.24,30.07,218.31
2013-02-07-12,65.97,64.28,202.33
2013-02-07-15,21.44,11.57,144.24
2013-02-07-18,0.00,0.00,0.00
2013-02-07-21,0.00,0.00,0.00
2013-02-08-0,0.00,0.00,0.00
2013-02-08-3,5.57,1.49,37.02
2013-02-08-6,30.55,27.77,133.19
2013-02-08-9,21.80,10.38,145.28
2013-02-08-12,115.49,109.64,224.94
2013-02-08-15,31.56,31.24,99.85
2013-02-08-18,0.00,0.00,0.00
2013-02-08-21,0.00,0.00,0.00
2013-02-09-0,0.00,0.00,0.00
2013-02-09-3,6.11,3.59,31.94
2013-02-09-6,5.14,4.45,28.82
2013-02-09-9,12.64,10.09,112.35
2013-02-09-12,9.45,5.63,177.76
2013-02-09-15,7.53,4.77,36.50
2013-02-09-18,0.00,0.00,0.00
2013-02-09-21,0.00,0.00,0.00
2013-02-10-0,0.00,0.00,0.00
2013-02-10-3,6.96,3.59,62.48
2013-02-10-6,23.87,21.59,97.01
2013-02-10-9,11.68,10.12,80.42
2013-02-10-12,5.05,2.99,27.60
2013-02-10-15,7.78,4.16,47.87
2013-02-10-18,0.00,0.00,0.00
2013-02-10-21,0.00,0.00,0.00
2013-02-11-0,0.00,0.00,0.00
2013-02-11-3,6.25,3.29,36.36
2013-02-11-6,3.52,3.28,25.50
2013-02-11-9,1.53,1.48,7.09
2013-02-11-12,1.27,1.20,4.47
2013-02-11-15,4.68,0.60,41.25
2013-02-11-18,0.00,0.00,0.00
2013-02-11-21,0.00,0.00,0.00
2013-02-12-0,0.00,0.00,0.00
2013-02-12-3,6.33,3.88,31.90
2013-02-12-6,4.36,2.68,42.20
2013-02-12-9,16.46,6.23,195.90
2013-02-12-12,13.06,5.96,185.66
2013-02-12-15,10.15,2.09,163.51
2013-02-12-18,0.00,0.00,0.00
2013-02-12-21,0.00,0.00,0.00
2013-02-13-0,0.00,0.00,0.00
2013-02-13-3,16.13,9.19,150.79
2013-02-13-6,13.36,6.53,143.80
2013-02-13-9,41.61,25.17,247.28
2013-02-13-12,19.05,12.74,94.62
2013-02-13-15,6.98,2.39,76.66
2013-02-13-18,0.00,0.00,0.00
2013-02-13-21,0.00,0.00,0.00
2013-02-14-0,0.00,0.00,0.00
2013-02-14-3,18.60,13.02,206.72
2013-02-14-6,61.00,43.46,242.66
2013-02-14-9,104.07,98.18,248.73
2013-02-14-12,95.25,93.86,205.34
2013-02-14-15,41.95,25.41,205.09
2013-02-14-18,0.00,0.00,0.00
2013-02-14-21,0.00,0.00,0.00
2013-02-15-0,0.00,0.00,0.00
2013-02-15-3,6.57,4.17,31.78
2013-02-15-6,2.75,2.69,19.71
2013-02-15-9,4.81,4.46,16.97
2013-02-15-12,4.50,4.43,13.61
2013-02-15-15,6.36,1.78,44.87
2013-02-15-18,0.00,0.00,0.00
2013-02-15-21,0.00,0.00,0.00
2013-02-16-0,0.00,0.00,0.00
2013-02-16-3,9.23,7.75,31.58
2013-02-16-6,6.20,5.96,90.96
2013-02-16-9,26.53,16.71,185.67
2013-02-16-12,14.95,10.39,128.14
2013-02-16-15,5.68,2.08,36.41
2013-02-16-18,0.00,0.00,0.00
2013-02-16-21,0.00,0.00,0.00
2013-02-17-0,0.00,0.00,0.00
2013-02-17-3,10.51,9.55,248.50
2013-02-17-6,16.57,16.31,127.28
2013-02-17-9,53.47,47.98,249.07
2013-02-17-12,92.01,90.21,228.46
2013-02-17-15,43.05,35.75,189.39
2013-02-17-18,0.00,0.00,0.00
2013-02-17-21,0.00,0.00,0.00
2013-02-18-0,0.00,0.00,0.00
2013-02-18-3,11.47,14.53,248.05
2013-02-18-6,15.58,16.02,25.39
2013-02-18-9,14.62,13.81,100.67
2013-02-18-12,10.96,5.97,120.72
2013-02-18-15,14.04,2.96,127.22
2013-02-18-18,0.00,0.00,0.00
2013-02-18-21,0.00,0.00,0.00
2013-02-19-0,0.00,0.00,0.00
2013-02-19-3,12.32,10.25,123.26
2013-02-19-6,17.77,13.67,248.50
2013-02-19-9,39.39,27.59,242.35
2013-02-19-12,67.58,60.09,237.66
2013-02-19-15,41.34,3.47,236.76
2013-02-19-18,0.00,0.00,0.00
2013-02-19-21,0.00,0.00,0.00
2013-02-20-0,0.00,0.00,0.00
2013-02-20-3,10.46,9.95,85.45
2013-02-20-6,23.32,17.50,248.96
2013-02-20-9,74.54,67.06,240.70
2013-02-20-12,65.30,51.92,247.82
2013-02-20-15,20.15,0.00,146.84
2013-02-20-18,0.00,0.00,0.00
2013-02-20-21,0.00,0.00,0.00
2013-02-21-0,0.00,0.00,0.00
2013-02-21-3,4.04,0.00,30.74
2013-02-21-9,17.61,20.62,31.78
2013-02-21-12,15.25,14.30,53.30
2013-02-21-15,9.27,0.00,67.63
2013-02-21-18,0.00,0.00,0.00
2013-02-21-21,0.00,0.00,0.00
2013-02-22-0,0.00,0.00,0.00
2013-02-22-3,0.66,0.00,26.55
2013-02-22-9,98.07,100.57,249.07
2013-02-22-12,116.08,115.14,244.14
2013-02-22-15,37.25,0.00,218.53
2013-02-22-18,0.00,0.00,0.00
2013-02-22-21,0.00,0.00,0.00
2013-02-23-0,0.00,0.00,0.00
2013-02-23-3,13.00,14.42,48.14
2013-02-23-6,17.93,17.32,46.42
2013-02-23-9,71.78,31.32,248.73
2013-02-23-12,52.46,39.04,200.22
2013-02-23-15,6.07,0.00,74.62
2013-02-23-18,0.00,0.00,0.00
2013-02-23-21,0.00,0.00,0.00
2013-02-24-0,0.00,0.00,0.00
2013-02-24-3,1.16,0.00,28.75
2013-02-24-9,84.02,88.50,249.07
2013-02-24-12,28.18,23.39,183.90
2013-02-24-15,13.61,0.00,132.19
2013-02-24-18,0.00,0.00,0.00
2013-02-24-21,0.00,0.00,0.00
2013-02-25-0,0.00,0.00,0.00
2013-02-25-3,13.39,15.07,94.75
2013-02-25-6,19.74,21.26,39.49
2013-02-25-15,5.44,0.00,43.08
2013-02-25-18,0.00,0.00,0.00
2013-02-25-21,0.00,0.00,0.00
2013-02-26-0,0.00,0.00,0.00
2013-02-26-3,10.77,8.87,130.57
2013-02-26-6,15.20,12.06,214.46
2013-02-26-12,78.78,83.42,248.73
2013-02-26-15,17.13,0.00,167.25
2013-02-26-18,0.00,0.00,0.00
2013-02-26-21,0.00,0.00,0.00
2013-02-27-0,0.00,0.00,0.00
2013-02-27-3,8.22,4.48,124.05
2013-02-27-6,12.61,9.45,86.24
2013-02-27-9,22.36,17.34,216.96
2013-02-27-12,20.63,17.34,248.62
2013-02-27-15,5.17,0.00,103.63
2013-02-27-18,0.00,0.00,0.00
2013-02-27-21,0.00,0.00,0.00
2013-02-28-0,0.00,0.00,0.00
2013-02-28-3,6.69,2.99,103.26
2013-02-28-6,11.61,4.17,220.53
2013-02-28-9,43.19,34.56,247.36
2013-02-28-12,40.18,26.75,248.39
2013-02-28-15,9.56,0.00,110.63
2013-02-28-18,0.00,0.00,0.00
2013-02-28-21,0.00,0.00,0.00
2013-03-01-0,0.00,0.00,0.00
2013-03-01-3,8.50,4.76,107.20
2013-03-01-6,58.76,47.42,249.07
2013-03-01-9,138.57,139.78,249.07
2013-03-01-12,26.43,26.97,63.89
2013-03-01-15,0.52,0.00,80.65
2013-03-01-18,0.00,0.00,0.00
2013-03-01-21,0.00,0.00,0.00
2013-03-02-0,0.00,0.00,0.00
2013-03-02-3,5.14,2.09,37.66
2013-03-02-6,12.77,7.41,113.82
2013-03-02-9,6.22,4.17,60.59
2013-03-02-12,18.69,18.19,207.51
2013-03-02-15,14.96,0.00,196.06
2013-03-02-18,0.00,0.00,0.00
2013-03-02-21,0.00,0.00,0.00
2013-03-03-0,0.00,0.00,0.00
2013-03-03-3,10.82,2.69,178.77
2013-03-03-6,10.97,6.22,174.37
2013-03-03-9,31.45,21.35,232.57
2013-03-03-12,14.87,9.79,119.88
2013-03-03-15,7.73,0.00,138.75
2013-03-03-18,0.00,0.00,0.00
2013-03-03-21,0.00,0.00,0.00
2013-03-04-0,0.00,0.00,0.00
2013-03-04-3,7.70,3.57,90.65
2013-03-04-6,4.79,2.98,34.51
2013-03-04-9,22.64,10.14,239.45
2013-03-04-12,15.04,9.16,85.86
2013-03-04-15,7.09,0.00,144.03
2013-03-04-18,0.00,0.00,0.00
2013-03-04-21,0.00,0.00,0.00
2013-03-05-0,0.00,0.00,0.00
2013-03-05-3,7.21,3.29,124.24
2013-03-05-6,5.07,2.69,165.05
2013-03-05-9,3.70,1.79,65.00
2013-03-05-12,3.28,1.61,31.21
2013-03-05-15,5.95,0.00,118.57
2013-03-05-18,0.00,0.00,0.00
2013-03-05-21,0.00,0.00,0.00
2013-03-06-0,0.00,0.00,0.00
2013-03-06-3,5.12,0.00,40.49
2013-03-06-6,2.40,1.49,21.18
2013-03-06-9,2.25,1.20,21.30
2013-03-06-12,2.77,1.48,26.70
2013-03-06-15,5.23,0.00,127.41
2013-03-06-18,0.00,0.00,0.00
2013-03-06-21,0.00,0.00,0.00
2013-03-07-0,0.00,0.00,0.00
2013-03-07-3,5.04,0.00,51.64
2013-03-07-6,4.61,2.99,93.44
2013-03-07-9,44.22,18.45,246.31
2013-03-07-12,17.63,10.71,110.32
2013-03-07-15,2.70,0.00,33.98
2013-03-07-18,0.00,0.00,0.00
2013-03-07-21,0.00,0.00,0.00
2013-03-08-0,0.00,0.00,0.00
2013-03-08-3,4.58,0.00,30.08
2013-03-08-6,4.23,3.89,21.77
2013-03-08-9,8.85,7.76,36.08
2013-03-08-12,5.83,3.59,46.83
2013-03-08-15,4.80,0.00,46.60
2013-03-08-18,0.00,0.00,0.00
2013-03-08-21,0.00,0.00,0.00
2013-03-09-0,0.00,0.00,0.00
2013-03-09-3,4.83,0.00,29.75
2013-03-09-6,5.23,3.57,60.91
2013-03-09-9,33.48,24.29,222.42
2013-03-09-12,42.67,37.21,231.41
2013-03-09-15,8.35,0.00,163.46
2013-03-09-18,0.00,0.00,0.00
2013-03-09-21,0.00,0.00,0.00
2013-03-10-0,0.00,0.00,0.00
2013-03-10-3,4.91,0.00,30.03
2013-03-10-6,2.04,2.09,5.97
2013-03-10-9,2.21,2.09,13.99
2013-03-10-12,3.25,2.39,48.20
2013-03-10-15,5.00,0.00,118.39
2013-03-10-18,0.00,0.00,0.00
2013-03-10-21,0.00,0.00,0.00
2013-03-11-0,0.00,0.00,0.00
2013-03-11-3,6.37,0.00,77.86
2013-03-11-6,9.45,4.45,135.35
2013-03-11-9,8.82,5.36,55.49
2013-03-11-12,8.89,6.54,120.84
2013-03-11-15,3.48,0.00,114.19
2013-03-11-18,0.00,0.00,0.00
2013-03-11-21,0.00,0.00,0.00
2013-03-12-0,0.00,0.00,0.00
2013-03-12-3,5.81,0.00,78.44
2013-03-12-6,4.72,2.69,213.32
2013-03-12-9,9.91,2.97,174.55
2013-03-12-12,27.38,15.44,183.93
2013-03-12-15,2.58,0.00,183.19
2013-03-12-18,0.00,0.00,0.00
2013-03-12-21,0.00,0.00,0.00
2013-03-13-0,0.00,0.00,0.00
2013-03-13-3,5.77,0.00,73.84
2013-03-13-6,11.31,3.58,226.00
2013-03-13-9,15.59,7.14,223.40
2013-03-13-12,6.42,2.09,132.00
2013-03-13-15,2.89,0.00,133.17
2013-03-13-18,0.00,0.00,0.00
2013-03-13-21,0.00,0.00,0.00
2013-03-14-0,0.00,0.00,0.00
2013-03-14-3,5.44,0.00,68.69
2013-03-14-6,3.32,2.39,28.82
2013-03-14-9,14.37,4.74,180.70
2013-03-14-12,27.03,14.56,178.63
2013-03-14-15,3.06,0.00,172.85
2013-03-14-18,0.00,0.00,0.00
2013-03-14-21,0.00,0.00,0.00
2013-03-15-0,0.00,0.00,0.00
2013-03-15-3,6.14,0.00,156.42
2013-03-15-6,46.17,39.29,243.71
2013-03-15-9,38.39,19.32,236.53
2013-03-15-12,18.16,14.02,96.20
2013-03-15-15,0.43,0.00,35.30
2013-03-15-18,0.00,0.00,0.00
2013-03-15-21,0.00,0.00,0.00
2013-03-16-0,0.00,0.00,0.00
2013-03-16-3,10.06,0.00,231.17
2013-03-16-6,47.57,35.10,242.00
2013-03-16-9,45.13,36.88,198.68
2013-03-16-12,22.62,20.09,177.33
2013-03-16-15,0.33,0.00,39.21
2013-03-16-18,0.00,0.00,0.00
2013-03-16-21,0.00,0.00,0.00
2013-03-17-0,0.00,0.00,0.00
2013-03-17-3,4.58,0.00,50.31
2013-03-17-6,80.58,72.42,249.07
2013-03-17-9,124.22,118.51,249.07
2013-03-17-12,122.87,123.81,249.07
2013-03-17-15,0.00,0.00,0.00
2013-03-17-18,0.00,0.00,0.00
2013-03-17-21,0.00,0.00,0.00
2013-03-18-0,0.00,0.00,0.00
2013-03-18-3,3.45,0.00,30.03
2013-03-18-6,10.07,9.50,27.34
2013-03-18-9,7.48,6.86,24.71
2013-03-18-12,8.07,4.83,66.19
2013-03-18-15,0.00,0.00,0.00
2013-03-18-18,0.00,0.00,0.00
2013-03-18-21,0.00,0.00,0.00
2013-03-19-0,0.00,0.00,0.00
2013-03-19-3,4.79,0.00,56.76
2013-03-19-6,4.36,3.29,28.49
2013-03-19-9,2.41,1.20,28.23
2013-03-19-12,7.31,1.20,127.30
2013-03-19-15,0.00,0.00,0.00
2013-03-19-18,0.00,0.00,0.00
2013-03-19-21,0.00,0.00,0.00
2013-03-20-0,0.00,0.00,0.00
2013-03-20-3,7.50,0.00,247.70
2013-03-20-6,13.85,9.65,235.33
2013-03-20-9,14.31,11.87,194.26
2013-03-20-12,44.68,36.85,214.50
2013-03-20-15,0.00,0.00,0.00
2013-03-20-18,0.00,0.00,0.00
2013-03-20-21,0.00,0.00,0.00
2013-03-21-0,0.00,0.00,0.00
2013-03-21-3,2.87,0.00,36.16
2013-03-21-6,53.10,45.26,249.07
2013-03-21-9,23.02,22.39,97.75
2013-03-21-12,14.25,11.97,98.22
2013-03-21-15,0.00,0.00,0.00
2013-03-21-18,0.00,0.00,0.00
2013-03-21-21,0.00,0.00,0.00
2013-03-22-0,0.00,0.00,0.00
2013-03-22-3,0.55,0.00,27.44
2013-03-22-9,14.08,14.12,32.30
2013-03-22-12,8.82,4.47,56.04
2013-03-22-15,0.00,0.00,0.00
2013-03-22-18,0.00,0.00,0.00
2013-03-22-21,0.00,0.00,0.00
2013-03-23-0,0.00,0.00,0.00
2013-03-23-3,0.46,0.00,27.33
2013-03-23-9,53.38,48.01,138.46
2013-03-23-12,40.82,33.53,127.99
2013-03-23-15,0.00,0.00,0.00
2013-03-23-18,0.00,0.00,0.00
2013-03-23-21,0.00,0.00,0.00
2013-03-24-0,0.00,0.00,0.00
2013-03-24-3,2.85,0.00,33.72
2013-03-24-6,24.32,19.63,249.07
2013-03-24-9,67.12,60.62,248.84
2013-03-24-12,20.35,16.12,220.95
2013-03-24-15,0.00,0.00,0.00
2013-03-24-18,0.00,0.00,0.00
2013-03-24-21,0.00,0.00,0.00
2013-03-25-0,0.00,0.00,0.00
2013-03-25-3,0.76,0.00,29.21
2013-03-25-12,13.88,13.23,51.17
2013-03-25-15,0.00,0.00,0.00
2013-03-25-18,0.00,0.00,0.00
2013-03-25-21,0.00,0.00,0.00
2013-03-26-0,0.00,0.00,0.00
2013-03-26-3,0.98,0.00,29.10
2013-03-26-12,14.04,14.23,55.04
2013-03-26-15,0.00,0.00,0.00
2013-03-26-18,0.00,0.00,0.00
2013-03-26-21,0.00,0.00,0.00
2013-03-27-0,0.00,0.00,0.00
2013-03-27-3,2.88,0.00,89.33
2013-03-27-6,37.22,28.56,240.15
2013-03-27-12,47.67,0.00,246.68
2013-03-27-15,0.00,0.00,0.00
2013-03-27-18,0.00,0.00,0.00
2013-03-27-21,0.00,0.00,0.00
2013-03-28-0,0.00,0.00,0.00
2013-03-28-3,3.20,0.00,65.39
2013-03-28-6,28.25,15.78,236.33
2013-03-28-9,94.60,93.52,240.68
2013-03-28-12,19.05,15.25,248.96
2013-03-28-15,0.00,0.00,0.00
2013-03-28-18,0.00,0.00,0.00
2013-03-28-21,0.00,0.00,0.00
2013-03-29-0,0.00,0.00,0.00
2013-03-29-3,3.56,0.00,205.27
2013-03-29-6,118.44,110.97,247.48
2013-03-29-9,133.92,129.25,249.07
2013-03-29-12,20.04,0.00,209.32
2013-03-29-15,0.00,0.00,0.00
2013-03-29-18,0.00,0.00,0.00
2013-03-29-21,0.00,0.00,0.00
2013-03-30-0,0.00,0.00,0.00
2013-03-30-3,1.20,0.00,52.46
2013-03-30-6,20.30,18.49,199.13
2013-03-30-9,39.65,32.09,230.18
2013-03-30-12,12.94,10.10,225.95
2013-03-30-15,0.00,0.00,0.00
2013-03-30-18,0.00,0.00,0.00
2013-03-30-21,0.00,0.00,0.00
2013-03-31-0,0.00,0.00,0.00
2013-03-31-3,1.71,0.00,36.03
2013-03-31-6,8.75,5.20,93.71
2013-03-31-9,6.46,3.59,142.30
2013-03-31-12,9.25,2.99,131.41
2013-03-31-15,0.00,0.00,0.00
2013-03-31-18,0.00,0.00,0.00
2013-03-31-21,0.00,0.00,0.00
2013-04-01-0,0.00,0.00,0.00
2013-04-01-3,1.75,0.00,65.60
2013-04-01-6,25.20,14.52,205.83
2013-04-01-9,44.58,37.04,201.40
2013-04-01-12,21.48,15.91,106.95
2013-04-01-15,0.00,0.00,0.00
2013-04-01-18,0.00,0.00,0.00
2013-04-01-21,0.00,0.00,0.00
2013-04-02-0,0.00,0.00,0.00
2013-04-02-3,0.61,0.00,65.94
2013-04-02-6,7.90,3.89,73.89
2013-04-02-9,2.48,1.20,85.37
2013-04-02-12,9.07,1.20,135.99
2013-04-02-15,0.00,0.00,0.00
2013-04-02-18,0.00,0.00,0.00
2013-04-02-21,0.00,0.00,0.00
2013-04-03-0,0.00,0.00,0.00
2013-04-03-3,0.00,0.00,0.00
2013-04-03-6,8.16,4.47,175.55
2013-04-03-9,8.87,4.77,85.82
2013-04-03-12,11.80,1.49,248.39
2013-04-03-15,0.00,0.00,0.00
2013-04-03-18,0.00,0.00,0.00
2013-04-03-21,0.00,0.00,0.00
2013-04-04-0,0.00,0.00,0.00
2013-04-04-3,0.00,0.00,0.00
2013-04-04-6,13.97,7.41,195.30
2013-04-04-9,38.86,28.30,215.69
2013-04-04-12,26.18,0.00,233.68
2013-04-04-15,0.00,0.00,0.00
2013-04-04-18,0.00,0.00,0.00
2013-04-04-21,0.00,0.00,0.00
2013-04-05-0,0.00,0.00,0.00
2013-04-05-3,0.00,0.00,0.00
2013-04-05-6,10.09,4.47,85.87
2013-04-05-9,6.77,2.39,171.24
2013-04-05-12,10.68,1.20,246.79
2013-04-05-15,0.00,0.00,0.00
2013-04-05-18,0.00,0.00,0.00
2013-04-05-21,0.00,0.00,0.00
2013-04-06-0,0.00,0.00,0.00
2013-04-06-3,0.00,0.00,0.00
2013-04-06-6,11.85,0.00,194.88
2013-04-06-9,0.00,0.00,0.00
2013-04-06-12,0.00,0.00,0.00
2013-04-06-15,0.00,0.00,0.00
2013-04-06-18,0.00,0.00,0.00
2013-04-06-21,0.00,0.00,0.00
2013-04-07-0,0.00,0.00,0.00
2013-04-07-3,0.00,0.00,0.00
2013-04-07-6,5.27,3.28,28.93
2013-04-07-9,10.40,3.86,173.99
2013-04-07-12,43.63,18.75,219.79
2013-04-07-15,0.00,0.00,0.00
2013-04-07-18,0.00,0.00,0.00
2013-04-07-21,0.00,0.00,0.00
2013-04-08-0,0.00,0.00,0.00
2013-04-08-3,0.00,0.00,0.00
2013-04-08-6,11.88,5.84,170.00
2013-04-08-9,7.56,2.99,176.80
2013-04-08-12,10.44,0.00,224.06
2013-04-08-15,0.00,0.00,0.00
2013-04-08-18,0.00,0.00,0.00
2013-04-08-21,0.00,0.00,0.00
2013-04-09-0,0.00,0.00,0.00
2013-04-09-3,0.00,0.00,0.00
2013-04-09-6,6.55,1.79,52.23
2013-04-09-9,2.23,2.09,18.83
2013-04-09-12,8.08,0.00,69.03
2013-04-09-15,0.00,0.00,0.00
2013-04-09-18,0.00,0.00,0.00
2013-04-09-21,0.00,0.00,0.00
2013-04-10-0,0.00,0.00,0.00
2013-04-10-3,0.00,0.00,0.00
2013-04-10-6,9.85,4.78,63.11
2013-04-10-9,19.08,9.56,160.23
2013-04-10-12,13.07,0.00,81.52
2013-04-10-15,0.00,0.00,0.00
2013-04-10-18,0.00,0.00,0.00
2013-04-10-21,0.00,0.00,0.00
2013-04-11-0,0.00,0.00,0.00
2013-04-11-3,0.00,0.00,0.00
2013-04-11-6,12.84,5.08,122.80
2013-04-11-9,37.87,21.42,238.81
2013-04-11-12,10.43,0.00,158.41
2013-04-11-15,0.00,0.00,0.00
2013-04-11-18,0.00,0.00,0.00
2013-04-11-21,0.00,0.00,0.00
2013-04-12-0,0.00,0.00,0.00
2013-04-12-3,0.00,0.00,0.00
2013-04-12-6,12.46,5.38,108.70
2013-04-12-9,13.38,5.37,210.72
2013-04-12-12,10.94,0.00,223.89
2013-04-12-15,0.00,0.00,0.00
2013-04-12-18,0.00,0.00,0.00
2013-04-12-21,0.00,0.00,0.00
2013-04-13-0,0.00,0.00,0.00
2013-04-13-3,0.00,0.00,0.00
2013-04-13-6,11.29,3.70,134.93
2013-04-13-9,18.72,10.79,220.32
2013-04-13-12,11.78,0.00,248.16
2013-04-13-15,0.00,0.00,0.00
2013-04-13-18,0.00,0.00,0.00
2013-04-13-21,0.00,0.00,0.00
2013-04-14-0,0.00,0.00,0.00
2013-04-14-3,0.00,0.00,0.00
2013-04-14-6,52.16,35.78,249.07
2013-04-14-9,62.48,36.62,240.68
2013-04-14-12,2.87,0.00,78.68
2013-04-14-15,0.00,0.00,0.00
2013-04-14-18,0.00,0.00,0.00
2013-04-14-21,0.00,0.00,0.00
2013-04-15-0,0.00,0.00,0.00
2013-04-15-3,0.00,0.00,0.00
2013-04-15-6,9.45,5.01,48.70
2013-04-15-9,4.72,3.59,31.49
2013-04-15-12,8.75,0.00,133.17
2013-04-15-15,0.00,0.00,0.00
2013-04-15-18,0.00,0.00,0.00
2013-04-15-21,0.00,0.00,0.00
2013-04-16-0,0.00,0.00,0.00
2013-04-16-3,0.00,0.00,0.00
2013-04-16-6,8.98,5.13,56.15
2013-04-16-9,3.64,2.99,21.74
2013-04-16-12,11.10,0.00,124.56
2013-04-16-15,0.00,0.00,0.00
2013-04-16-18,0.00,0.00,0.00
2013-04-16-21,0.00,0.00,0.00
2013-04-17-0,0.00,0.00,0.00
2013-04-17-3,0.00,0.00,0.00
2013-04-17-6,11.61,8.08,162.95
2013-04-17-9,12.54,7.16,248.50
2013-04-17-12,9.71,0.00,248.96
2013-04-17-15,0.00,0.00,0.00
2013-04-17-18,0.00,0.00,0.00
2013-04-17-21,0.00,0.00,0.00
2013-04-18-0,0.00,0.00,0.00
2013-04-18-3,0.00,0.00,0.00
2013-04-18-6,12.11,5.35,179.59
2013-04-18-9,10.37,4.19,247.70
2013-04-18-12,12.10,0.00,247.70
2013-04-18-15,0.00,0.00,0.00
2013-04-18-18,0.00,0.00,0.00
2013-04-18-21,0.00,0.00,0.00
2013-04-19-0,0.00,0.00,0.00
2013-04-19-3,0.00,0.00,0.00
2013-04-19-6,12.68,6.14,140.51
2013-04-19-9,9.84,5.03,248.73
2013-04-19-12,8.26,0.00,248.96
2013-04-19-15,0.00,0.00,0.00
2013-04-19-18,0.00,0.00,0.00
2013-04-19-21,0.00,0.00,0.00
2013-04-20-0,0.00,0.00,0.00
2013-04-20-3,0.00,0.00,0.00
2013-04-20-6,12.24,7.69,119.26
2013-04-20-9,37.96,15.80,248.16
2013-04-20-12,11.28,0.00,245.08
2013-04-20-15,0.00,0.00,0.00
2013-04-20-18,0.00,0.00,0.00
2013-04-20-21,0.00,0.00,0.00
2013-04-21-0,0.00,0.00,0.00
2013-04-21-3,0.00,0.00,0.00
2013-04-21-6,7.91,0.00,158.22
2013-04-21-9,13.36,8.92,223.30
2013-04-21-12,6.75,0.00,222.71
2013-04-21-15,0.00,0.00,0.00
2013-04-21-18,0.00,0.00,0.00
2013-04-21-21,0.00,0.00,0.00
2013-04-22-0,0.00,0.00,0.00
2013-04-22-3,0.00,0.00,0.00
2013-04-22-6,9.01,0.00,248.96
2013-04-22-9,15.35,10.79,248.62
2013-04-22-12,2.34,0.00,224.48
2013-04-22-15,0.00,0.00,0.00
2013-04-22-18,0.00,0.00,0.00
2013-04-22-21,0.00,0.00,0.00
2013-04-23-0,0.00,0.00,0.00
2013-04-23-3,0.00,0.00,0.00
2013-04-23-6,29.63,0.00,224.48
2013-04-23-9,33.98,22.39,248.96
2013-04-23-12,0.22,0.00,114.70
2013-04-23-15,0.00,0.00,0.00
2013-04-23-18,0.00,0.00,0.00
2013-04-23-21,0.00,0.00,0.00
2013-04-24-0,0.00,0.00,0.00
2013-04-24-3,0.00,0.00,0.00
2013-04-24-6,0.83,0.00,36.93
2013-04-24-9,20.82,17.91,206.10
2013-04-24-12,0.44,0.00,48.15
2013-04-24-15,0.00,0.00,0.00
2013-04-24-18,0.00,0.00,0.00
2013-04-24-21,0.00,0.00,0.00
2013-04-25-0,0.00,0.00,0.00
2013-04-25-3,0.00,0.00,0.00
2013-04-25-6,31.07,0.00,224.48
2013-04-25-9,37.22,24.15,210.97
2013-04-25-12,0.00,0.00,0.00
2013-04-25-15,0.00,0.00,0.00
2013-04-25-18,0.00,0.00,0.00
2013-04-25-21,0.00,0.00,0.00
2013-04-26-0,0.00,0.00,0.00
2013-04-26-3,0.00,0.00,0.00
2013-04-26-6,36.37,0.00,224.48
2013-04-26-9,32.07,18.37,226.07
2013-04-26-12,0.00,0.00,0.00
2013-04-26-15,0.00,0.00,0.00
2013-04-26-18,0.00,0.00,0.00
2013-04-26-21,0.00,0.00,0.00
2013-04-27-0,0.00,0.00,0.00
2013-04-27-3,0.00,0.00,0.00
2013-04-27-6,26.63,0.00,224.48
2013-04-27-9,20.23,21.54,241.69
2013-04-27-12,0.00,0.00,0.00
2013-04-27-15,0.00,0.00,0.00
2013-04-27-18,0.00,0.00,0.00
2013-04-27-21,0.00,0.00,0.00
2013-04-28-0,0.00,0.00,0.00
2013-04-28-3,0.00,0.00,0.00
2013-04-28-6,26.79,0.00,224.48
2013-04-28-9,23.25,15.90,248.73
2013-04-28-12,0.00,0.00,0.00
2013-04-28-15,0.00,0.00,0.00
2013-04-28-18,0.00,0.00,0.00
2013-04-28-21,0.00,0.00,0.00
2013-04-29-0,0.00,0.00,0.00
2013-04-29-3,0.00,0.00,0.00
2013-04-29-6,27.80,0.00,224.48
2013-04-29-9,26.45,23.58,132.28
2013-04-29-12,0.00,0.00,0.00
2013-04-29-15,0.00,0.00,0.00
2013-04-29-18,0.00,0.00,0.00
2013-04-29-21,0.00,0.00,0.00
2013-04-30-0,0.00,0.00,0.00
2013-04-30-3,0.00,0.00,0.00
2013-04-30-6,31.42,0.00,224.48
2013-04-30-9,34.08,36.28,179.51
2013-04-30-12,0.00,0.00,0.00
2013-04-30-15,0.00,0.00,0.00
2013-04-30-18,0.00,0.00,0.00
2013-04-30-21,0.00,0.00,0.00
2013-08-10-0,0.00,0.00,0.00
2013-08-10-3,0.00,0.00,0.00
2013-08-10-6,21.21,0.00,218.02
2013-08-10-9,33.68,25.72,113.10
2013-08-10-12,0.00,0.00,0.00
2013-08-10-15,0.00,0.00,0.00
2013-08-10-18,0.00,0.00,0.00
2013-08-10-21,0.00,0.00,0.00
2013-08-12-0,0.00,0.00,0.00
2013-08-12-3,0.00,0.00,0.00
2013-08-12-6,20.06,0.00,224.48
2013-08-12-9,21.09,22.87,205.10
2013-08-12-12,0.00,0.00,0.00
2013-08-12-15,0.00,0.00,0.00
2013-08-12-18,0.00,0.00,0.00
2013-08-12-21,0.00,0.00,0.00
2013-08-13-0,0.00,0.00,0.00
2013-08-13-3,0.00,0.00,0.00
2013-08-13-6,23.09,0.00,224.48
2013-08-13-9,27.75,19.67,219.50
2013-08-13-12,0.00,0.00,0.00
2013-08-13-15,0.00,0.00,0.00
2013-08-13-18,0.00,0.00,0.00
2013-08-13-21,0.00,0.00,0.00
2013-08-14-0,0.00,0.00,0.00
2013-08-14-3,0.00,0.00,0.00
2013-08-14-6,4.17,0.00,38.48
2013-08-14-9,32.83,22.37,224.48
2013-08-14-12,2.49,0.00,224.48
2013-08-14-15,0.00,0.00,0.00
2013-08-14-18,0.00,0.00,0.00
2013-08-14-21,0.00,0.00,0.00
2013-08-15-0,0.00,0.00,0.00
2013-08-15-3,0.00,0.00,0.00
2013-08-15-6,38.27,0.00,249.07
2013-08-15-9,100.17,107.15,249.07
2013-08-15-12,0.00,0.00,0.00
2013-08-15-15,0.00,0.00,0.00
2013-08-15-18,0.00,0.00,0.00
2013-08-15-21,0.00,0.00,0.00
2013-08-16-0,0.00,0.00,0.00
2013-08-16-3,0.00,0.00,0.00
2013-08-16-6,10.98,0.41,89.36
2013-08-16-9,53.95,40.49,224.48
2013-08-16-12,0.32,0.00,52.72
2013-08-16-15,0.00,0.00,0.00
2013-08-16-18,0.00,0.00,0.00
2013-08-16-21,0.00,0.00,0.00
2013-08-17-0,0.00,0.00,0.00
2013-08-17-3,0.00,0.00,0.00
2013-08-17-6,7.09,0.00,96.25
2013-08-17-9,17.90,13.25,248.96
2013-08-17-12,0.62,0.00,210.08
2013-08-17-15,0.00,0.00,0.00
2013-08-17-18,0.00,0.00,0.00
2013-08-17-21,0.00,0.00,0.00
2013-08-18-0,0.00,0.00,0.00
2013-08-18-3,0.00,0.00,0.00
2013-08-18-6,9.36,0.00,91.56
2013-08-18-9,35.33,31.66,247.48
2013-08-18-12,2.17,0.00,220.84
2013-08-18-15,0.00,0.00,0.00
2013-08-18-18,0.00,0.00,0.00
2013-08-18-21,0.00,0.00,0.00
2013-08-19-0,0.00,0.00,0.00
2013-08-19-3,0.00,0.00,0.00
2013-08-19-6,4.27,0.00,40.24
2013-08-19-9,15.34,11.94,248.16
2013-08-19-12,5.70,0.00,185.12
2013-08-19-15,0.00,0.00,0.00
2013-08-19-18,0.00,0.00,0.00
2013-08-19-21,0.00,0.00,0.00
2013-08-20-0,0.00,0.00,0.00
2013-08-20-3,0.00,0.00,0.00
2013-08-20-6,10.35,0.00,67.99
2013-08-20-9,6.23,4.88,26.27
2013-08-20-12,4.68,0.00,48.38
2013-08-20-15,0.00,0.00,0.00
2013-08-20-18,0.00,0.00,0.00
2013-08-20-21,0.00,0.00,0.00
2013-08-21-0,0.00,0.00,0.00
2013-08-21-3,0.00,0.00,0.00
2013-08-21-6,13.93,6.96,222.13
2013-08-21-9,106.21,120.81,248.84
2013-08-21-12,3.31,0.00,148.23
2013-08-21-15,0.00,0.00,0.00
2013-08-21-18,0.00,0.00,0.00
2013-08-21-21,0.00,0.00,0.00
2013-08-22-0,0.00,0.00,0.00
2013-08-22-3,0.00,0.00,0.00
2013-08-22-6,16.91,0.00,247.45
2013-08-22-9,61.55,57.94,248.16
2013-08-22-12,0.77,0.00,220.99
2013-08-22-15,0.00,0.00,0.00
2013-08-22-18,0.00,0.00,0.00
2013-08-22-21,0.00,0.00,0.00
2013-08-23-0,0.00,0.00,0.00
2013-08-23-3,0.00,0.00,0.00
2013-08-23-6,22.53,12.39,169.36
2013-08-23-9,28.05,22.09,127.52
2013-08-23-12,3.27,0.00,46.37
2013-08-23-15,0.00,0.00,0.00
2013-08-23-18,0.00,0.00,0.00
2013-08-23-21,0.00,0.00,0.00
2013-08-24-0,0.00,0.00,0.00
2013-08-24-3,0.00,0.00,0.00
2013-08-24-6,15.85,0.00,223.62
2013-08-24-9,58.46,36.60,249.07
2013-08-24-12,0.95,0.00,246.04
2013-08-24-15,0.00,0.00,0.00
2013-08-24-18,0.00,0.00,0.00
2013-08-24-21,0.00,0.00,0.00
2013-08-25-0,0.00,0.00,0.00
2013-08-25-3,0.00,0.00,0.00
2013-08-25-6,15.14,0.00,243.99
2013-08-25-9,68.55,59.16,249.07
2013-08-25-12,13.00,0.00,246.38
2013-08-25-15,0.00,0.00,0.00
2013-08-25-18,0.00,0.00,0.00
2013-08-25-21,0.00,0.00,0.00
2013-08-26-0,0.00,0.00,0.00
2013-08-26-3,0.00,0.00,0.00
2013-08-26-6,9.52,5.96,219.65
2013-08-26-9,27.97,11.48,247.25
2013-08-26-12,16.47,0.00,247.70
2013-08-26-15,0.00,0.00,0.00
2013-08-26-18,0.00,0.00,0.00
2013-08-26-21,0.00,0.00,0.00
2013-08-27-0,0.00,0.00,0.00
2013-08-27-3,0.00,0.00,0.00
2013-08-27-6,10.01,8.42,60.40
2013-08-27-9,30.20,12.01,211.49
2013-08-27-12,9.63,0.00,245.42
2013-08-27-15,0.00,0.00,0.00
2013-08-27-18,0.00,0.00,0.00
2013-08-27-21,0.00,0.00,0.00
2013-08-28-0,0.00,0.00,0.00
2013-08-28-3,0.00,0.00,0.00
2013-08-28-6,28.21,18.16,220.84
2013-08-28-9,14.86,11.54,128.44
2013-08-28-12,8.65,0.00,77.83
2013-08-28-15,0.00,0.00,0.00
2013-08-28-18,0.00,0.00,0.00
2013-08-28-21,0.00,0.00,0.00
2013-08-29-0,0.00,0.00,0.00
2013-08-29-3,0.00,0.00,0.00
2013-08-29-6,7.45,4.76,53.51
2013-08-29-9,7.60,7.41,21.47
2013-08-29-12,6.18,0.00,58.64
2013-08-29-15,0.00,0.00,0.00
2013-08-29-18,0.00,0.00,0.00
2013-08-29-21,0.00,0.00,0.00
2013-09-02-0,0.00,0.00,0.00
2013-09-02-3,0.00,0.00,0.00
2013-09-02-6,11.18,8.00,70.42
2013-09-02-9,10.93,9.73,39.87
2013-09-02-12,11.95,0.00,78.63
2013-09-02-15,0.00,0.00,0.00
2013-09-02-18,0.00,0.00,0.00
2013-09-02-21,0.00,0.00,0.00
2013-09-03-0,0.00,0.00,0.00
2013-09-03-3,0.00,0.00,0.00
2013-09-03-6,5.07,2.98,34.97
2013-09-03-9,20.68,12.23,144.78
2013-09-03-12,20.87,0.00,211.04
2013-09-03-15,0.00,0.00,0.00
2013-09-03-18,0.00,0.00,0.00
2013-09-03-21,0.00,0.00,0.00
2013-09-04-0,0.00,0.00,0.00
2013-09-04-3,0.00,0.00,0.00
2013-09-04-6,8.29,5.03,41.04
2013-09-04-9,35.52,16.66,230.18
2013-09-04-12,31.47,0.00,248.62
2013-09-04-15,0.00,0.00,0.00
2013-09-04-18,0.00,0.00,0.00
2013-09-04-21,0.00,0.00,0.00
2013-09-05-0,0.00,0.00,0.00
2013-09-05-3,0.00,0.00,0.00
2013-09-05-6,7.31,3.59,67.23
2013-09-05-9,1.84,0.90,34.24
2013-09-05-12,8.08,0.00,224.48
2013-09-05-15,0.00,0.00,0.00
2013-09-05-18,0.00,0.00,0.00
2013-09-05-21,0.00,0.00,0.00
2013-09-06-0,0.00,0.00,0.00
2013-09-06-3,0.00,0.00,0.00
2013-09-06-6,9.45,5.05,104.96
2013-09-06-9,12.77,6.51,190.61
2013-09-06-12,7.40,0.00,237.32
2013-09-06-15,0.00,0.00,0.00
2013-09-06-18,0.00,0.00,0.00
2013-09-06-21,0.00,0.00,0.00
2013-09-07-0,0.00,0.00,0.00
2013-09-07-3,0.27,0.00,25.17
2013-09-07-6,3.32,0.60,49.44
2013-09-07-9,3.26,1.77,47.63
2013-09-07-12,7.57,1.35,240.64
2013-09-07-15,0.00,0.00,0.00
2013-09-07-18,0.00,0.00,0.00
2013-09-07-21,0.00,0.00,0.00
2013-09-08-0,0.00,0.00,0.00
2013-09-08-3,0.12,0.00,22.83
2013-09-08-6,7.02,3.25,34.25
2013-09-08-9,3.14,2.66,20.60
2013-09-08-12,13.30,5.05,82.09
2013-09-08-15,0.00,0.00,0.00
2013-09-08-18,0.00,0.00,0.00
2013-09-08-21,0.00,0.00,0.00
2013-09-10-0,0.00,0.00,0.00
2013-09-10-3,1.47,0.00,42.70
2013-09-10-6,7.30,3.86,121.45
2013-09-10-9,48.85,27.90,214.68
2013-09-10-12,10.01,5.01,234.48
2013-09-10-15,0.00,0.00,0.00
2013-09-10-18,0.00,0.00,0.00
2013-09-10-21,0.00,0.00,0.00
2013-09-11-0,0.00,0.00,0.00
2013-09-11-3,2.13,0.00,57.45
2013-09-11-6,13.77,8.61,180.30
2013-09-11-9,28.71,22.28,188.16
2013-09-11-12,23.71,5.33,247.82
2013-09-11-15,0.00,0.00,0.00
2013-09-11-18,0.00,0.00,0.00
2013-09-11-21,0.00,0.00,0.00
2013-09-12-0,0.00,0.00,0.00
2013-09-12-3,7.44,0.00,219.78
2013-09-12-6,1.44,0.59,10.78
2013-09-12-9,3.32,1.19,31.73
2013-09-12-12,8.96,3.86,98.64
2013-09-12-15,0.00,0.00,0.00
2013-09-12-18,0.00,0.00,0.00
2013-09-12-21,0.00,0.00,0.00
2013-09-13-0,0.00,0.00,0.00
2013-09-13-3,2.55,0.00,51.14
2013-09-13-6,19.71,15.39,200.84
2013-09-13-9,21.04,13.91,202.72
2013-09-13-12,42.39,19.63,211.27
2013-09-13-15,0.00,0.00,0.00
2013-09-13-18,0.00,0.00,0.00
2013-09-13-21,0.00,0.00,0.00
2013-09-14-0,0.00,0.00,0.00
2013-09-14-3,3.16,0.00,38.81
2013-09-14-6,7.47,6.50,29.46
2013-09-14-9,4.81,3.82,23.25
2013-09-14-12,4.65,0.00,39.45
2013-09-14-15,0.00,0.00,0.00
2013-09-14-18,0.00,0.00,0.00
2013-09-14-21,0.00,0.00,0.00
2013-09-15-0,0.00,0.00,0.00
2013-09-15-3,3.54,0.00,53.56
2013-09-15-6,9.21,7.13,248.39
2013-09-15-9,3.31,2.07,27.73
2013-09-15-12,6.10,1.19,246.34
2013-09-15-15,0.00,0.00,0.00
2013-09-15-18,0.00,0.00,0.00
2013-09-15-21,0.00,0.00,0.00
2013-09-16-0,0.00,0.00,0.00
2013-09-16-3,3.41,0.00,46.07
2013-09-16-6,14.33,9.52,248.96
2013-09-16-9,13.23,6.82,247.82
2013-09-16-12,7.29,2.37,249.07
2013-09-16-15,0.00,0.00,0.00
2013-09-16-18,0.00,0.00,0.00
2013-09-16-21,0.00,0.00,0.00
2013-09-17-0,0.00,0.00,0.00
2013-09-17-3,3.28,0.00,142.48
2013-09-17-6,41.27,28.30,218.52
2013-09-17-9,24.97,22.29,249.07
2013-09-17-12,24.20,13.09,246.34
2013-09-17-15,0.00,0.00,0.00
2013-09-17-18,0.00,0.00,0.00
2013-09-17-21,0.00,0.00,0.00
2013-09-18-0,0.00,0.00,0.00
2013-09-18-3,3.24,0.00,31.81
2013-09-18-6,12.50,12.63,26.68
2013-09-18-9,20.14,20.36,91.66
2013-09-18-12,30.60,28.79,109.60
2013-09-18-15,0.00,0.00,0.00
2013-09-18-18,0.00,0.00,0.00
2013-09-18-21,0.00,0.00,0.00
2013-09-19-0,0.00,0.00,0.00
2013-09-19-3,3.59,0.00,236.16
2013-09-19-12,12.38,0.00,222.54
2013-09-19-15,0.00,0.00,0.00
2013-09-19-18,0.00,0.00,0.00
2013-09-19-21,0.00,0.00,0.00
2013-09-20-0,0.00,0.00,0.00
2013-09-20-3,5.01,0.00,217.40
2013-09-20-6,44.90,28.20,239.15
2013-09-20-9,46.91,37.39,249.07
2013-09-20-12,23.21,18.02,247.70
2013-09-20-15,0.00,0.00,0.00
2013-09-20-18,0.00,0.00,0.00
2013-09-20-21,0.00,0.00,0.00
2013-09-21-0,0.00,0.00,0.00
2013-09-21-3,3.61,0.00,32.51
2013-09-21-6,12.79,12.81,34.41
2013-09-21-12,33.18,0.00,233.58
2013-09-21-15,0.00,0.00,0.00
2013-09-21-18,0.00,0.00,0.00
2013-09-21-21,0.00,0.00,0.00
2013-09-22-0,0.00,0.00,0.00
2013-09-22-3,5.28,0.00,50.19
2013-09-22-6,28.33,21.31,139.72
2013-09-22-9,15.30,14.83,71.08
2013-09-22-12,8.49,0.90,219.19
2013-09-22-15,0.00,0.00,0.00
2013-09-22-18,0.00,0.00,0.00
2013-09-22-21,0.00,0.00,0.00
2013-09-23-0,0.00,0.00,0.00
2013-09-23-3,4.31,0.00,40.94
2013-09-23-6,10.11,9.54,32.78
2013-09-23-12,8.97,2.09,28.26
2013-09-23-15,0.00,0.00,0.00
2013-09-23-18,0.00,0.00,0.00
2013-09-23-21,0.00,0.00,0.00
2013-09-24-0,0.00,0.00,0.00
2013-09-24-3,3.96,0.00,31.58
2013-09-24-6,7.99,7.45,23.03
2013-09-24-9,48.13,21.11,216.56
2013-09-24-12,28.96,3.50,173.43
2013-09-24-15,0.00,0.00,0.00
2013-09-24-18,0.00,0.00,0.00
2013-09-24-21,0.00,0.00,0.00
2013-09-25-0,0.00,0.00,0.00
2013-09-25-3,4.28,0.00,27.82
2013-09-25-6,11.91,10.68,72.39
2013-09-25-9,12.53,12.50,45.61
2013-09-25-12,9.66,9.24,29.74
2013-09-25-15,0.00,0.00,0.00
2013-09-25-18,0.00,0.00,0.00
2013-09-25-21,0.00,0.00,0.00
2013-09-26-0,0.00,0.00,0.00
2013-09-26-3,3.50,0.00,32.69
2013-09-26-6,2.77,2.39,20.60
2013-09-26-9,6.05,5.37,23.48
2013-09-26-12,8.18,6.54,31.12
2013-09-26-15,0.00,0.00,0.00
2013-09-26-18,0.00,0.00,0.00
2013-09-26-21,0.00,0.00,0.00
2013-09-27-0,0.00,0.00,0.00
2013-09-27-3,3.55,0.00,40.89
2013-09-27-6,1.47,1.20,20.01
2013-09-27-9,2.21,1.79,19.99
2013-09-27-12,5.42,2.95,31.58
2013-09-27-15,0.00,0.00,0.00
2013-09-27-18,0.00,0.00,0.00
2013-09-27-21,0.00,0.00,0.00
2013-09-28-0,0.00,0.00,0.00
2013-09-28-3,4.57,0.00,44.29
2013-09-28-6,1.96,1.79,18.83
2013-09-28-9,1.95,1.20,20.60
2013-09-28-12,2.26,2.09,20.01
2013-09-28-15,0.00,0.00,0.00
2013-09-28-18,0.00,0.00,0.00
2013-09-28-21,0.00,0.00,0.00
2013-09-30-0,0.00,0.00,0.00
2013-09-30-3,0.00,0.00,0.00
2013-09-30-6,0.32,0.00,19.71
2013-09-30-9,0.89,0.30,19.71
2013-09-30-12,4.25,0.60,46.88
2013-09-30-15,0.18,0.00,23.30
2013-09-30-18,0.00,0.00,0.00
2013-09-30-21,0.00,0.00,0.00
2013-10-01-0,0.00,0.00,0.00
2013-10-01-3,4.89,0.30,38.96
2013-10-01-6,0.97,0.30,5.35
2013-10-01-9,3.51,2.98,23.79
2013-10-01-12,10.92,7.35,56.71
2013-10-01-15,0.23,0.00,28.21
2013-10-01-18,0.00,0.00,0.00
2013-10-01-21,0.00,0.00,0.00
2013-10-02-0,0.00,0.00,0.00
2013-10-02-3,22.01,0.00,249.07
2013-10-02-6,12.40,12.81,39.65
2013-10-02-9,13.87,12.78,67.50
2013-10-02-12,18.34,17.49,114.77
2013-10-02-15,0.36,0.00,41.33
2013-10-02-18,0.00,0.00,0.00
2013-10-02-21,0.00,0.00,0.00
2013-10-03-0,0.00,0.00,0.00
2013-10-03-3,7.72,4.74,42.76
2013-10-03-6,6.06,6.21,24.62
2013-10-03-9,6.39,5.03,33.81
2013-10-03-12,8.65,6.47,37.70
2013-10-03-15,0.59,0.00,35.94
2013-10-03-18,0.00,0.00,0.00
2013-10-03-21,0.00,0.00,0.00
2013-10-04-0,0.00,0.00,0.00
2013-10-04-3,5.53,3.27,31.22
2013-10-04-6,1.99,1.78,20.60
2013-10-04-9,1.02,0.60,20.60
2013-10-04-12,5.16,1.77,71.02
2013-10-04-15,2.15,0.00,66.05
2013-10-04-18,0.00,0.00,0.00
2013-10-04-21,0.00,0.00,0.00
2013-10-05-0,0.00,0.00,0.00
2013-10-05-3,5.23,2.69,46.67
2013-10-05-6,1.66,1.78,20.01
2013-10-05-9,0.68,0.60,23.82
2013-10-05-12,2.02,0.30,35.91
2013-10-05-15,1.52,0.00,36.13
2013-10-05-18,0.00,0.00,0.00
2013-10-05-21,0.00,0.00,0.00
2013-10-06-0,0.00,0.00,0.00
2013-10-06-3,5.15,2.69,63.10
2013-10-06-6,1.67,1.49,20.30
2013-10-06-9,1.21,0.30,24.95
2013-10-06-12,2.29,0.30,33.12
2013-10-06-15,1.18,0.00,33.06
2013-10-06-18,0.00,0.00,0.00
2013-10-06-21,0.00,0.00,0.00
2013-10-07-0,0.00,0.00,0.00
2013-10-07-3,5.66,2.68,33.78
2013-10-07-6,6.53,5.65,26.22
2013-10-07-9,17.71,16.51,56.41
2013-10-07-12,10.96,10.10,45.21
2013-10-07-15,2.86,0.00,46.05
2013-10-07-18,0.00,0.00,0.00
2013-10-07-21,0.00,0.00,0.00
2013-10-08-0,0.00,0.00,0.00
2013-10-08-3,4.30,2.99,39.07
2013-10-08-6,4.46,2.68,196.98
2013-10-08-9,29.45,24.37,189.28
2013-10-08-12,13.13,5.04,62.65
2013-10-08-15,5.62,0.00,135.52
2013-10-08-18,0.00,0.00,0.00
2013-10-08-21,0.00,0.00,0.00
2013-10-09-0,0.00,0.00,0.00
2013-10-09-3,16.22,15.06,84.51
2013-10-09-6,55.33,38.42,238.02
2013-10-09-9,52.21,41.20,175.79
2013-10-09-12,17.85,14.58,63.77
2013-10-09-15,5.63,0.00,64.66
2013-10-09-18,0.00,0.00,0.00
2013-10-09-21,0.00,0.00,0.00
2013-10-10-0,0.00,0.00,0.00
2013-10-10-3,8.58,7.69,33.78
2013-10-10-6,6.15,5.32,32.73
2013-10-10-9,21.38,10.63,140.05
2013-10-10-12,13.14,10.65,45.47
2013-10-10-15,5.59,0.00,63.98
2013-10-10-18,0.00,0.00,0.00
2013-10-10-21,0.00,0.00,0.00
2013-10-11-0,0.00,0.00,0.00
2013-10-11-3,7.64,5.95,34.94
2013-10-11-6,3.31,2.66,20.60
2013-10-11-9,14.13,12.40,64.12
2013-10-11-12,18.38,13.99,67.17
2013-10-11-15,3.82,0.00,85.24
2013-10-11-18,0.00,0.00,0.00
2013-10-11-21,0.00,0.00,0.00
2013-10-12-0,0.00,0.00,0.00
2013-10-12-3,7.16,5.06,40.99
2013-10-12-6,4.82,3.86,94.24
2013-10-12-9,21.92,12.72,186.27
2013-10-12-12,13.39,7.42,203.56
2013-10-12-15,3.64,0.00,37.80
2013-10-12-18,0.00,0.00,0.00
2013-10-12-21,0.00,0.00,0.00
2013-10-13-0,0.00,0.00,0.00
2013-10-13-3,8.02,6.57,30.86
2013-10-13-6,3.48,2.69,23.53
2013-10-13-9,1.45,0.90,20.29
2013-10-13-12,3.89,3.59,20.30
2013-10-13-15,3.66,0.00,40.32
2013-10-13-18,0.00,0.00,0.00
2013-10-13-21,0.00,0.00,0.00
2013-10-14-0,0.00,0.00,0.00
2013-10-14-3,2.92,0.30,29.99
2013-10-14-6,7.09,3.82,33.74
2013-10-14-9,18.33,14.18,119.32
2013-10-14-12,77.12,71.52,235.85
2013-10-14-15,16.44,0.00,180.32
2013-10-14-18,0.00,0.00,0.00
2013-10-14-21,0.00,0.00,0.00
2013-10-15-0,0.00,0.00,0.00
2013-10-15-3,23.04,24.47,116.87
2013-10-15-6,53.47,43.23,242.89
2013-10-15-9,39.95,29.34,168.95
2013-10-15-12,26.85,14.00,173.83
2013-10-15-15,3.03,0.00,33.70
2013-10-15-18,0.00,0.00,0.00
2013-10-15-21,0.00,0.00,0.00
2013-10-16-0,0.00,0.00,0.00
2013-10-16-3,5.56,3.89,32.97
2013-10-16-6,10.33,10.13,28.44
2013-10-16-9,11.30,10.68,35.03
2013-10-16-12,12.95,8.27,71.33
2013-10-16-15,5.13,0.00,56.87
2013-10-16-18,0.00,0.00,0.00
2013-10-16-21,0.00,0.00,0.00
2013-10-17-0,0.00,0.00,0.00
2013-10-17-3,11.86,14.81,63.24
2013-10-17-6,15.96,18.08,77.31
2013-10-17-9,99.97,98.17,249.07
2013-10-17-12,28.28,25.96,98.18
2013-10-17-15,6.55,0.00,72.70
2013-10-17-18,0.00,0.00,0.00
2013-10-17-21,0.00,0.00,0.00
2013-10-18-0,0.00,0.00,0.00
2013-10-18-3,9.90,10.13,30.67
2013-10-18-12,14.42,14.12,30.25
2013-10-18-15,3.49,0.00,37.18
2013-10-18-18,0.00,0.00,0.00
2013-10-18-21,0.00,0.00,0.00
2013-10-19-0,0.00,0.00,0.00
2013-10-19-3,13.80,17.87,52.36
2013-10-19-6,17.28,17.66,37.75
2013-10-19-12,17.79,18.95,156.44
2013-10-19-15,0.81,0.00,28.37
2013-10-19-18,0.00,0.00,0.00
2013-10-19-21,0.00,0.00,0.00
2013-10-20-0,0.00,0.00,0.00
2013-10-20-3,12.98,13.12,52.18
2013-10-20-9,22.25,19.88,240.18
2013-10-20-12,23.37,21.40,249.07
2013-10-20-15,1.81,0.00,28.16
2013-10-20-18,0.00,0.00,0.00
2013-10-20-21,0.00,0.00,0.00
2013-10-21-0,0.00,0.00,0.00
2013-10-21-3,12.98,13.47,32.15
2013-10-21-6,18.98,20.58,56.34
2013-10-21-9,19.83,20.83,116.48
2013-10-21-12,21.45,20.61,248.96
2013-10-21-15,2.72,0.00,33.02
2013-10-21-18,0.00,0.00,0.00
2013-10-21-21,0.00,0.00,0.00
2013-10-22-0,0.00,0.00,0.00
2013-10-22-3,10.40,8.91,42.65
2013-10-22-6,10.43,9.32,79.95
2013-10-22-9,40.62,19.78,236.08
2013-10-22-12,20.62,19.97,248.96
2013-10-22-15,1.68,0.00,30.34
2013-10-22-18,0.00,0.00,0.00
2013-10-22-21,0.00,0.00,0.00
2013-10-23-0,0.00,0.00,0.00
2013-10-23-3,12.18,7.73,203.93
2013-10-23-6,14.84,9.80,208.79
2013-10-23-9,35.80,21.38,235.28
2013-10-23-15,1.96,0.00,29.87
2013-10-23-18,0.00,0.00,0.00
2013-10-23-21,0.00,0.00,0.00
2013-10-24-0,0.00,0.00,0.00
2013-10-24-3,7.46,5.67,35.41
2013-10-24-6,6.14,5.64,22.86
2013-10-24-9,11.09,11.42,26.45
2013-10-24-12,8.50,7.11,30.83
2013-10-24-15,4.43,0.00,247.57
2013-10-24-18,0.00,0.00,0.00
2013-10-24-21,0.00,0.00,0.00
2013-10-25-0,0.05,0.00,8.02
2013-10-25-3,5.76,4.45,40.77
2013-10-25-6,6.62,6.80,25.76
2013-10-25-9,10.11,10.08,47.97
2013-10-25-12,13.80,14.25,35.47
2013-10-25-15,6.60,0.00,57.84
2013-10-25-18,0.00,0.00,0.00
2013-10-25-21,0.00,0.00,0.00
2013-10-26-0,0.07,0.00,21.15
2013-10-26-3,7.51,5.65,33.10
2013-10-26-6,7.05,4.76,173.40
2013-10-26-9,9.47,5.92,168.11
2013-10-26-12,7.09,4.45,46.19
2013-10-26-15,6.63,0.00,68.46
2013-10-26-18,0.00,0.00,0.00
2013-10-26-21,0.00,0.00,0.00
2013-10-27-0,0.42,0.00,59.34
2013-10-27-3,8.10,5.06,91.40
2013-10-27-6,3.64,3.28,21.17
2013-10-27-9,4.01,3.59,22.36
2013-10-27-12,3.65,3.59,21.77
2013-10-27-15,6.66,0.00,138.75
2013-10-27-18,0.00,0.00,0.00
2013-10-27-21,0.00,0.00,0.00
2013-10-29-0,1.26,0.00,30.10
2013-10-29-3,2.74,1.49,31.09
2013-10-29-6,0.22,0.00,3.29
2013-10-29-9,8.34,5.36,41.97
2013-10-29-12,7.35,3.27,42.51
2013-10-29-15,4.72,0.00,43.98
2013-10-29-18,0.00,0.00,0.00
2013-10-29-21,0.00,0.00,0.00
2013-10-30-0,0.95,0.00,37.05
2013-10-30-3,5.03,2.98,39.87
2013-10-30-6,37.24,23.37,222.45
2013-10-30-9,106.02,92.30,249.07
2013-10-30-12,73.45,52.33,249.07
2013-10-30-15,46.90,0.00,236.04
2013-10-30-18,0.00,0.00,0.00
2013-10-30-21,0.00,0.00,0.00
2013-10-31-0,1.33,0.00,38.05
2013-10-31-3,12.36,11.89,37.94
2013-10-31-6,10.93,10.65,33.11
2013-10-31-9,16.08,12.71,77.73
2013-10-31-12,9.68,7.14,51.36
2013-10-31-15,6.72,0.00,36.85
2013-10-31-18,0.00,0.00,0.00
2013-10-31-21,0.00,0.00,0.00
2013-11-01-0,2.13,0.00,34.48
2013-11-01-3,7.17,6.51,34.29
2013-11-01-6,24.03,15.69,205.89
2013-11-01-9,45.63,39.08,207.03
2013-11-01-12,32.98,30.88,95.81
2013-11-01-15,9.14,0.00,48.84
2013-11-01-18,0.00,0.00,0.00
2013-11-01-21,0.00,0.00,0.00
2013-11-02-0,1.59,0.00,45.72
2013-11-02-3,5.43,5.33,33.08
2013-11-02-6,4.87,4.73,20.70
2013-11-02-9,9.10,8.88,25.55
2013-11-02-12,5.66,5.32,26.97
2013-11-02-15,6.36,0.00,57.33
2013-11-02-18,0.00,0.00,0.00
2013-11-02-21,0.00,0.00,0.00
2013-11-03-0,3.48,0.00,87.45
2013-11-03-3,13.66,8.33,224.05
2013-11-03-6,25.22,17.76,223.69
2013-11-03-9,33.59,29.07,184.39
2013-11-03-12,9.17,7.40,42.91
2013-11-03-15,7.26,3.26,65.34
2013-11-03-18,0.00,0.00,0.00
2013-11-03-21,0.00,0.00,0.00
2013-11-04-0,2.78,0.00,32.62
2013-11-04-3,7.57,6.83,42.95
2013-11-04-6,7.26,6.22,85.02
2013-11-04-9,33.35,15.74,219.38
2013-11-04-12,25.13,17.78,173.32
2013-11-04-15,26.09,5.60,220.51
2013-11-04-18,0.00,0.00,0.00
2013-11-04-21,0.00,0.00,0.00
2013-11-05-0,2.86,0.00,33.23
2013-11-05-3,7.90,7.44,27.10
2013-11-05-6,14.75,9.48,193.02
2013-11-05-9,18.41,15.70,81.22
2013-11-05-12,15.31,11.22,60.82
2013-11-05-15,9.28,3.94,51.01
2013-11-05-18,0.00,0.00,0.00
2013-11-05-21,0.00,0.00,0.00
2013-11-06-0,2.39,0.00,29.85
2013-11-06-3,1.06,0.60,11.41
2013-11-06-6,3.06,2.38,15.73
2013-11-06-9,4.85,4.15,21.06
2013-11-06-12,2.57,2.08,27.32
2013-11-06-15,5.89,1.20,43.14
2013-11-06-18,0.00,0.00,0.00
2013-11-06-21,0.00,0.00,0.00
2013-11-07-0,3.10,0.00,235.16
2013-11-07-3,26.16,9.15,249.07
2013-11-07-6,52.98,54.31,220.04
2013-11-07-9,107.63,91.25,249.07
2013-11-07-12,51.96,41.02,243.46
2013-11-07-15,12.37,0.00,81.78
2013-11-07-18,0.00,0.00,0.00
2013-11-07-21,0.00,0.00,0.00
2013-11-08-0,3.50,0.00,38.13
2013-11-08-3,10.22,8.64,246.34
2013-11-08-6,15.31,8.91,189.78
2013-11-08-9,8.60,6.21,76.40
2013-11-08-12,5.83,3.27,34.10
2013-11-08-15,6.95,3.57,47.95
2013-11-08-18,0.00,0.00,0.00
2013-11-08-21,0.00,0.00,0.00
2013-11-09-0,2.74,0.00,31.56
2013-11-09-3,19.46,15.78,113.90
2013-11-09-6,53.08,52.82,141.13
2013-11-09-9,44.66,28.18,238.36
2013-11-09-12,32.64,30.01,128.01
2013-11-09-15,13.11,10.52,52.15
2013-11-09-18,0.00,0.00,0.00
2013-11-09-21,0.00,0.00,0.00
2013-11-10-0,2.03,0.00,22.54
2013-11-10-3,0.48,0.30,3.57
2013-11-10-6,4.82,0.30,47.06
2013-11-10-9,26.68,25.51,89.45
2013-11-10-12,7.14,6.19,35.30
2013-11-10-15,14.95,10.94,74.78
2013-11-10-18,0.00,0.00,0.00
2013-11-10-21,0.00,0.00,0.00
2013-11-11-0,4.41,0.00,34.73
2013-11-11-3,33.45,19.35,118.80
2013-11-11-6,67.41,63.15,217.06
2013-11-11-9,94.30,91.86,238.66
2013-11-11-12,49.25,46.19,146.28
2013-11-11-15,31.55,32.58,172.35
2013-11-11-18,0.00,0.00,0.00
2013-11-11-21,0.00,0.00,0.00
2013-11-12-0,0.00,0.00,0.00
2013-11-12-3,2.12,0.00,27.61
2013-11-12-6,13.13,11.86,247.82
2013-11-12-9,8.81,7.42,35.87
2013-11-12-12,6.78,4.15,45.65
2013-11-12-15,7.71,3.86,41.91
2013-11-12-18,0.00,0.00,0.00
2013-11-12-21,0.00,0.00,0.00
2013-11-13-0,5.36,0.00,102.88
2013-11-13-3,14.19,13.82,28.37
2013-11-13-6,15.90,17.49,27.74
2013-11-13-9,13.20,12.80,27.85
2013-11-13-12,16.59,15.26,57.06
2013-11-13-15,5.76,2.11,38.88
2013-11-13-18,0.00,0.00,0.00
2013-11-13-21,0.00,0.00,0.00
2013-11-16-0,0.00,0.00,0.00
2013-11-16-3,0.30,0.00,25.23
2013-11-16-15,15.54,17.47,65.08
2013-11-16-18,0.00,0.00,0.00
2013-11-16-21,0.00,0.00,0.00
2013-11-17-0,7.82,0.00,248.96
2013-11-17-3,22.58,22.63,211.70
2013-11-17-15,8.49,0.00,39.64
2013-11-17-18,0.00,0.00,0.00
2013-11-17-21,0.00,0.00,0.00
2013-11-18-0,1.93,0.00,28.37
2013-11-18-15,5.98,0.00,30.07
2013-11-18-18,0.00,0.00,0.00
2013-11-18-21,0.00,0.00,0.00
2013-11-19-0,5.11,0.00,31.92
2013-11-19-3,15.92,17.62,26.09
2013-11-19-18,0.00,0.00,0.00
2013-11-19-21,0.00,0.00,0.00
2013-11-20-0,5.05,0.00,65.96
2013-11-20-3,10.58,9.24,29.50
2013-11-20-6,23.99,14.36,212.13
2013-11-20-9,37.76,28.09,217.85
2013-11-20-12,73.52,54.28,248.50
2013-11-20-15,14.71,14.67,63.16
2013-11-20-18,0.00,0.00,0.00
2013-11-20-21,0.00,0.00,0.00
2013-11-21-0,4.39,0.00,32.98
2013-11-21-3,6.81,5.38,24.72
2013-11-21-6,8.88,7.44,49.26
2013-11-21-9,10.52,8.54,177.50
2013-11-21-12,15.39,13.34,248.73
2013-11-21-15,13.03,10.70,71.29
2013-11-21-18,0.00,0.00,0.00
2013-11-21-21,0.00,0.00,0.00
2013-11-22-0,4.98,0.00,29.25
2013-11-22-3,4.76,4.78,21.77
2013-11-22-6,5.25,5.07,21.29
2013-11-22-9,10.01,9.83,24.92
2013-11-22-12,15.19,16.03,25.03
2013-11-22-15,12.20,15.13,31.81
2013-11-22-18,0.00,0.00,0.00
2013-11-22-21,0.00,0.00,0.00
2013-11-23-0,4.34,0.00,220.37
2013-11-23-3,6.69,3.58,158.52
2013-11-23-6,41.65,24.27,168.46
2013-11-23-9,76.26,75.87,213.00
2013-11-23-12,59.71,60.87,183.91
2013-11-23-15,14.82,16.46,57.73
2013-11-23-18,0.00,0.00,0.00
2013-11-23-21,0.00,0.00,0.00
2013-11-24-0,4.47,0.00,34.88
2013-11-24-3,3.93,2.99,31.15
2013-11-24-6,4.66,2.99,42.36
2013-11-24-9,15.33,7.74,193.11
2013-11-24-12,9.17,5.06,61.46
2013-11-24-15,9.77,9.84,222.71
2013-11-24-18,0.00,0.00,0.00
2013-11-24-21,0.00,0.00,0.00
2013-11-25-0,4.90,0.00,42.31
2013-11-25-3,1.22,0.90,20.60
2013-11-25-6,0.26,0.00,4.48
2013-11-25-9,0.85,0.60,5.36
2013-11-25-12,6.17,5.66,28.32
2013-11-25-15,11.30,9.83,54.90
2013-11-25-18,0.00,0.00,0.00
2013-11-25-21,0.00,0.00,0.00
2013-11-26-0,6.54,0.00,80.15
2013-11-26-3,4.96,4.47,23.53
2013-11-26-6,4.23,3.88,23.53
2013-11-26-9,3.82,3.28,23.53
2013-11-26-12,5.68,5.36,23.65
2013-11-26-15,8.77,6.48,42.93
2013-11-26-18,0.00,0.00,0.00
2013-11-26-21,0.00,0.00,0.00
2013-11-27-0,5.07,0.00,61.46
2013-11-27-3,2.92,2.39,22.47
2013-11-27-6,2.73,2.09,22.59
2013-11-27-9,2.23,1.79,22.36
2013-11-27-12,2.37,1.79,22.36
2013-11-27-15,8.78,4.48,41.38
2013-11-27-18,0.00,0.00,0.00
2013-11-27-21,0.00,0.00,0.00
2013-11-28-0,4.23,0.00,31.55
2013-11-28-3,1.75,1.79,9.87
2013-11-28-6,1.27,1.20,5.08
2013-11-28-9,0.93,0.90,7.18
2013-11-28-12,2.71,2.09,22.04
2013-11-28-15,8.17,5.06,35.73
2013-11-28-18,0.00,0.00,0.00
2013-11-28-21,0.00,0.00,0.00
2013-11-29-0,4.62,0.00,29.61
2013-11-29-3,2.54,2.69,20.89
2013-11-29-6,18.63,9.80,212.78
2013-11-29-9,84.87,81.63,239.45
2013-11-29-12,37.35,22.87,202.19
2013-11-29-15,18.13,17.12,47.30
2013-11-29-18,0.00,0.00,0.00
2013-11-29-21,0.00,0.00,0.00
2013-11-30-0,4.71,0.00,31.45
2013-11-30-3,4.59,4.19,18.70
2013-11-30-6,14.11,9.52,82.11
2013-11-30-9,34.61,29.94,140.01
2013-11-30-12,18.57,12.45,98.02
2013-11-30-15,32.68,30.10,122.64
2013-11-30-18,0.00,0.00,0.00
2013-11-30-21,0.00,0.00,0.00
2013-12-01-0,6.16,0.00,44.46
2013-12-01-3,15.65,9.49,144.36
2013-12-01-6,34.70,28.46,230.78
2013-12-01-9,38.72,23.74,205.43
2013-12-01-12,14.28,9.84,90.34
2013-12-01-15,7.55,5.07,44.38
2013-12-01-18,0.00,0.00,0.00
2013-12-01-21,0.00,0.00,0.00
2013-12-02-0,5.58,0.00,240.98
2013-12-02-3,3.63,3.28,21.41
2013-12-02-6,3.22,2.39,17.27
2013-12-02-9,3.40,2.38,24.71
2013-12-02-12,4.12,2.69,28.41
2013-12-02-15,7.64,3.89,47.62
2013-12-02-18,0.00,0.00,0.00
2013-12-02-21,0.00,0.00,0.00
2013-12-03-0,5.17,0.00,30.50
2013-12-03-3,3.87,3.29,22.81
2013-12-03-6,4.37,4.17,29.68
2013-12-03-9,59.18,58.39,239.45
2013-12-03-12,89.91,88.04,192.70
2013-12-03-15,40.23,39.57,117.16
2013-12-03-18,0.00,0.00,0.00
2013-12-03-21,0.00,0.00,0.00
2013-12-04-0,5.60,0.00,33.83
2013-12-04-3,4.44,3.89,21.77
2013-12-04-6,5.05,4.46,112.56
2013-12-04-9,6.54,4.76,96.12
2013-12-04-12,6.31,4.16,40.74
2013-12-04-15,9.58,4.47,62.29
2013-12-04-18,0.00,0.00,0.00
2013-12-04-21,0.00,0.00,0.00
2013-12-05-0,6.03,0.00,31.91
2013-12-05-3,4.82,3.89,24.71
2013-12-05-6,9.76,8.03,87.41
2013-12-05-9,36.26,26.98,179.16
2013-12-05-12,14.20,5.35,101.25
2013-12-05-15,5.81,3.89,30.52
2013-12-05-18,0.00,0.00,0.00
2013-12-05-21,0.00,0.00,0.00
2013-12-06-0,4.50,0.00,31.43
2013-12-06-3,1.90,1.79,20.30
2013-12-06-6,2.00,1.79,22.47
2013-12-06-9,3.04,2.98,21.77
2013-12-06-12,1.29,1.20,21.18
2013-12-06-15,4.65,1.20,46.05
2013-12-06-18,0.82,0.00,45.45
2013-12-06-21,0.00,0.00,0.00
2013-12-07-0,5.54,0.00,43.14
2013-12-07-3,4.17,4.17,21.77
2013-12-07-6,4.29,3.58,22.47
2013-12-07-9,5.22,2.97,29.61
2013-12-07-12,10.89,7.73,45.52
2013-12-07-15,6.74,3.59,46.20
2013-12-07-18,1.05,0.00,46.68
2013-12-07-21,0.00,0.00,0.00
2013-12-08-0,16.54,0.00,181.79
2013-12-08-3,64.13,62.75,245.08
2013-12-08-6,72.34,61.75,249.07
2013-12-08-9,18.61,14.82,111.03
2013-12-08-12,11.22,10.95,35.26
2013-12-08-15,29.41,30.19,64.32
2013-12-08-18,0.72,0.00,51.74
2013-12-08-21,0.00,0.00,0.00
2013-12-09-0,5.15,1.79,32.38
2013-12-09-3,3.56,3.29,15.48
2013-12-09-6,1.79,1.49,7.44
2013-12-09-9,3.75,2.97,18.95
2013-12-09-12,29.52,26.25,91.93
2013-12-09-15,24.72,23.47,62.07
2013-12-09-18,1.06,0.00,61.49
2013-12-09-21,0.00,0.00,0.00
2013-12-10-0,4.32,0.00,61.12
2013-12-10-3,0.00,0.00,0.00
2013-12-10-6,0.00,0.00,0.00
2013-12-10-9,0.00,0.00,0.00
2013-12-10-12,0.00,0.00,0.00
2013-12-10-15,0.00,0.00,0.00
2013-12-10-18,0.00,0.00,0.00
2013-12-10-21,0.00,0.00,0.00
2013-12-11-0,5.67,0.00,248.50
2013-12-11-3,9.11,7.44,81.41
2013-12-11-6,12.05,8.05,249.07
2013-12-11-9,5.36,3.59,37.39
2013-12-11-12,11.22,5.36,89.58
2013-12-11-15,12.82,6.84,91.34
2013-12-11-18,1.07,0.00,82.85
2013-12-11-21,0.00,0.00,0.00
2013-12-12-0,7.81,0.00,245.65
2013-12-12-3,9.45,8.35,33.22
2013-12-12-6,14.10,10.97,248.96
2013-12-12-9,16.38,9.22,209.79
2013-12-12-12,7.60,3.89,57.41
2013-12-12-15,8.58,3.29,83.23
2013-12-12-18,1.61,0.00,77.56
2013-12-12-21,0.00,0.00,0.00
2013-12-13-0,6.48,0.00,32.38
2013-12-13-3,13.40,13.05,53.21
2013-12-13-12,7.25,4.78,88.67
2013-12-13-15,8.22,3.89,82.75
2013-12-13-18,1.83,0.00,79.66
2013-12-13-21,0.00,0.00,0.00
2013-12-14-0,2.41,0.00,29.72
2013-12-14-12,30.17,22.55,99.24
2013-12-14-15,67.09,57.11,246.56
2013-12-14-18,0.00,0.00,0.00
2013-12-14-21,0.00,0.00,0.00
2013-12-16-0,0.15,0.00,28.77
2013-12-16-12,36.43,29.65,134.54
2013-12-16-15,22.59,18.62,96.90
2013-12-16-18,2.42,0.00,90.55
2013-12-16-21,0.00,0.00,0.00
2013-12-17-0,8.29,0.00,36.94
2013-12-17-3,21.98,22.67,36.78
2013-12-17-18,0.58,0.00,30.94
2013-12-17-21,0.00,0.00,0.00
2013-12-18-0,6.55,0.00,31.01
2013-12-18-3,14.14,15.29,26.07
2013-12-18-15,14.88,16.75,30.78
2013-12-18-18,0.76,0.00,30.78
2013-12-18-21,0.00,0.00,0.00
2013-12-19-0,6.16,0.00,243.14
2013-12-19-3,12.85,12.66,27.82
2013-12-19-6,15.12,15.59,29.45
2013-12-19-18,0.71,0.00,43.06
2013-12-19-21,0.00,0.00,0.00
2013-12-20-0,7.35,0.00,29.98
2013-12-20-3,12.71,11.54,99.59
2013-12-20-9,29.36,25.04,219.33
2013-12-20-18,0.49,0.00,32.19
2013-12-20-21,0.00,0.00,0.00
2013-12-21-0,9.08,0.00,234.84
2013-12-21-3,7.65,5.95,34.05
2013-12-21-6,17.13,13.92,189.50
2013-12-21-9,16.20,16.57,74.53
2013-12-21-12,15.23,17.42,29.96
2013-12-21-15,16.95,18.69,37.83
2013-12-21-18,0.91,0.00,35.94
2013-12-21-21,0.00,0.00,0.00
2013-12-22-0,6.19,2.69,38.12
2013-12-22-3,3.17,2.99,22.36
2013-12-22-6,7.52,7.14,22.54
2013-12-22-9,16.04,16.47,31.73
2013-12-22-15,16.10,17.21,32.38
2013-12-22-18,1.17,0.00,33.08
2013-12-22-21,0.00,0.00,0.00
2013-12-23-0,4.82,0.00,32.13
2013-12-23-3,1.30,1.20,5.07
2013-12-23-6,1.46,1.20,5.96
2013-12-23-9,7.02,6.56,21.96
2013-12-23-12,13.53,13.70,30.54
2013-12-23-15,16.46,16.49,248.96
2013-12-23-18,2.07,0.00,48.96
2013-12-23-21,0.00,0.00,0.00
2013-12-24-0,4.35,0.00,32.33
2013-12-24-3,2.87,2.97,27.01
2013-12-24-6,3.36,3.58,19.40
2013-12-24-9,6.82,7.12,19.08
2013-12-24-12,9.86,9.52,24.62
2013-12-24-15,16.20,15.77,248.27
2013-12-24-18,2.09,0.00,67.25
2013-12-24-21,0.00,0.00,0.00
2013-12-25-0,7.05,0.00,247.36
2013-12-25-3,8.28,6.81,45.95
2013-12-25-6,25.92,10.65,236.30
2013-12-25-9,82.83,79.21,248.96
2013-12-25-12,84.68,65.47,248.50
2013-12-25-15,113.52,105.31,248.84
2013-12-25-18,7.35,0.00,237.75
2013-12-25-21,0.00,0.00,0.00
2013-12-26-0,8.12,0.00,248.27
2013-12-26-3,7.08,5.94,34.09
2013-12-26-6,19.68,11.60,221.71
2013-12-26-9,47.45,38.58,223.31
2013-12-26-12,32.95,24.76,158.47
2013-12-26-15,13.43,9.19,80.16
2013-12-26-18,2.50,0.00,61.33
2013-12-26-21,0.00,0.00,0.00
2013-12-27-0,6.19,0.00,248.39
2013-12-27-3,4.69,3.88,21.30
2013-12-27-6,4.47,3.58,25.58
2013-12-27-9,4.20,2.97,25.88
2013-12-27-12,3.89,2.38,28.82
2013-12-27-15,6.94,3.58,65.04
2013-12-27-18,2.52,0.00,65.64
2013-12-27-21,0.00,0.00,0.00
2013-12-28-0,5.77,0.00,247.48
2013-12-28-3,3.65,2.69,23.23
2013-12-28-6,3.84,2.39,38.54
2013-12-28-9,5.68,3.28,120.47
2013-12-28-12,6.74,6.26,33.29
2013-12-28-15,6.99,4.76,59.75
2013-12-28-18,2.43,0.00,58.45
2013-12-28-21,0.00,0.00,0.00
2013-12-29-0,0.47,0.00,224.48
2013-12-29-3,0.00,0.00,0.00
2013-12-29-6,0.49,0.30,13.74
2013-12-29-9,12.38,9.19,50.65
2013-12-29-12,2.47,1.78,15.16
2013-12-29-15,12.52,6.52,87.89
2013-12-29-18,2.28,0.00,84.08
2013-12-29-21,0.00,0.00,0.00
2013-12-30-0,6.55,0.00,247.70
2013-12-30-3,4.79,3.88,40.21
2013-12-30-6,12.49,6.52,214.42
2013-12-30-9,21.21,12.39,204.93
2013-12-30-12,15.63,8.93,110.91
2013-12-30-15,12.47,8.31,87.46
2013-12-30-18,3.15,0.00,85.79
2013-12-30-21,0.00,0.00,0.00
2013-12-31-0,6.61,0.00,245.88
2013-12-31-3,5.89,4.75,26.45
2013-12-31-6,10.82,6.51,187.21
2013-12-31-9,31.02,18.15,217.89
2013-12-31-12,14.54,8.90,188.02
2013-12-31-15,11.84,6.52,136.27
2013-12-31-18,2.16,0.00,70.99
2013-12-31-21,0.00,0.00,0.00
