date_slot,mean,median,max,origin
2012-01-01-03,0.0,0.0,-0.0,0
2012-01-01-06,0.0,0.0,-0.0,0
2012-01-01-09,0.0,0.0,0.0,0
2012-01-01-12,0.0,0.0,-0.0,0
2012-01-01-15,0.0,0.0,0.0,0
2012-01-01-18,0.0,0.0,-0.0,0
2012-01-01-21,0.0,0.0,0.0,0
2012-01-02-00,0.0,0.0,-0.0,0
2012-01-02-03,0.0,0.0,-0.0,0
2012-01-02-06,0.0,0.0,-0.0,0
2012-01-02-09,0.0,0.0,-0.0,0
2012-01-02-12,81.68,0.0,816.83,0
2012-01-02-15,0.0,0.0,-0.0,0
2012-01-02-18,0.0,0.0,-0.0,0
2012-01-02-21,0.0,0.0,-0.0,0
2012-01-03-00,0.0,0.0,-0.0,0
2012-01-03-03,0.0,0.0,0.0,0
2012-01-03-06,0.0,0.0,0.0,0
2012-01-03-09,0.0,0.0,0.0,0
2012-01-03-12,0.0,0.0,-0.0,0
2012-01-03-18,0.0,0.0,-0.0,0
2012-01-03-21,0.0,0.0,0.0,0
2012-01-04-00,0.0,0.0,-0.0,0
2012-01-04-03,0.0,0.0,-0.0,0
2012-01-04-06,0.0,0.0,-0.0,0
2012-01-04-09,0.0,0.0,-0.0,0
2012-01-04-12,0.0,0.0,-0.0,0
2012-01-04-15,0.0,0.0,-0.0,0
2012-01-04-18,0.0,0.0,-0.0,0
2012-01-04-21,0.0,0.0,-0.0,0
2012-01-05-00,0.0,0.0,-0.0,0
2012-01-05-03,0.0,0.0,-0.0,0
2012-01-05-06,0.0,0.0,-0.0,0
2012-01-05-09,0.0,0.0,-0.0,0
2012-01-05-12,0.0,0.0,-0.0,0
2012-01-05-15,0.0,0.0,-0.0,0
2012-01-05-18,0.0,0.0,-0.0,0
2012-01-05-21,0.0,0.0,0.0,0
2012-01-06-00,0.0,0.0,-0.0,0
2012-01-06-03,0.0,0.0,-0.0,0
2012-01-06-06,0.0,0.0,-0.0,0
2012-01-06-09,0.0,0.0,-0.0,0
2012-01-06-12,406.89,39.63,1313.17,0
2012-01-06-15,0.0,0.0,0.0,0
2012-01-06-18,0.0,0.0,-0.0,0
2012-01-06-21,0.0,0.0,0.0,0
2012-01-07-00,0.0,0.0,-0.0,0
2012-01-07-03,-153.87,-53.71,0.0,0
2012-01-07-06,0.0,0.0,-0.0,0
2012-01-07-09,0.0,0.0,-0.0,0
2012-01-07-12,57.94,0.0,579.37,0
2012-01-07-15,0.0,0.0,0.0,0
2012-01-07-18,0.0,0.0,-0.0,0
2012-01-07-21,0.0,0.0,-0.0,0
2012-01-08-03,0.0,0.0,-0.0,0
2012-01-08-06,0.0,0.0,-0.0,0
2012-01-08-09,0.0,0.0,0.0,0
2012-01-08-12,0.0,0.0,0.0,0
2012-01-08-15,0.0,0.0,-0.0,0
2012-01-08-18,0.0,0.0,-0.0,0
2012-01-08-21,0.0,0.0,0.0,0
2012-01-09-00,0.0,0.0,0.0,1
2012-01-09-03,0.0,0.0,-0.0,0
2012-01-09-06,0.0,0.0,-0.0,0
2012-01-09-09,0.0,0.0,0.0,0
2012-01-09-12,0.0,0.0,-0.0,0
2012-01-09-15,0.0,0.0,0.0,0
2012-01-09-18,0.0,0.0,-0.0,0
2012-01-09-21,0.0,0.0,0.0,0
2012-01-10-00,0.0,0.0,-0.0,0
2012-01-10-03,0.0,0.0,-0.0,0
2012-01-10-06,0.0,0.0,-0.0,0
2012-01-10-09,0.0,0.0,0.0,0
2012-01-10-12,0.0,0.0,0.0,0
2012-01-10-15,0.0,0.0,-0.0,0
2012-01-10-18,0.0,0.0,-0.0,0
2012-01-10-21,0.0,0.0,-0.0,0
2012-01-11-00,0.0,0.0,-0.0,0
2012-01-11-03,0.0,0.0,-0.0,0
2012-01-11-06,0.0,0.0,-0.0,0
2012-01-11-09,0.0,0.0,0.0,0
2012-01-11-12,0.0,0.0,-0.0,0
2012-01-11-15,0.0,0.0,-0.0,0
2012-01-11-18,0.0,0.0,-0.0,0
2012-01-11-21,0.0,0.0,-0.0,0
2012-01-12-00,0.0,0.0,-0.0,0
2012-01-12-03,0.0,0.0,-0.0,0
2012-01-12-06,0.0,0.0,-0.0,0
2012-01-12-09,0.0,0.0,-0.0,0
2012-01-12-12,272.27,0.0,1475.28,0
2012-01-12-15,0.0,0.0,-0.0,0
2012-01-12-18,0.0,0.0,-0.0,0
2012-01-12-21,0.0,0.0,-0.0,0
2012-01-13-00,0.0,0.0,-0.0,0
2012-01-13-03,0.0,0.0,-0.0,0
2012-01-13-06,0.0,0.0,0.0,0
2012-01-13-09,0.0,0.0,-0.0,0
2012-01-13-12,0.0,0.0,-0.0,0
2012-01-13-15,0.0,0.0,-0.0,0
2012-01-13-18,0.0,0.0,-0.0,0
2012-01-13-21,0.0,0.0,-0.0,0
2012-01-14-00,0.0,0.0,-0.0,0
2012-01-14-03,0.0,0.0,-0.0,0
2012-01-14-06,0.0,0.0,-0.0,0
2012-01-14-09,0.0,0.0,-0.0,0
2012-01-14-12,0.0,0.0,-0.0,0
2012-01-14-15,0.0,0.0,-0.0,0
2012-01-14-18,0.0,0.0,-0.0,0
2012-01-14-21,0.0,0.0,-0.0,0
2012-01-15-00,0.0,0.0,-0.0,0
2012-01-15-03,0.0,0.0,-0.0,0
2012-01-15-06,0.0,0.0,-0.0,0
2012-01-15-12,0.0,0.0,-0.0,0
2012-01-15-15,0.0,0.0,-0.0,0
2012-01-15-18,0.0,0.0,-0.0,0
2012-01-15-21,0.0,0.0,0.0,0
2012-01-16-00,0.0,0.0,0.0,1
2012-01-16-03,0.0,0.0,-0.0,0
2012-01-16-06,0.0,0.0,-0.0,0
2012-01-16-09,0.0,0.0,0.0,0
2012-01-16-12,0.0,0.0,-0.0,0
2012-01-16-15,0.0,0.0,0.0,0
2012-01-16-18,0.0,0.0,-0.0,0
2012-01-16-21,0.0,0.0,-0.0,0
2012-01-17-03,0.0,0.0,-0.0,0
2012-01-17-06,0.0,0.0,-0.0,0
2012-01-17-09,0.0,0.0,0.0,0
2012-01-17-12,0.0,0.0,-0.0,0
2012-01-17-15,0.0,0.0,0.0,0
2012-01-17-18,0.0,0.0,-0.0,0
2012-01-17-21,0.0,0.0,-0.0,0
2012-01-18-03,0.0,0.0,-0.0,0
2012-01-18-06,0.0,0.0,-0.0,0
2012-01-18-09,0.0,0.0,-0.0,0
2012-01-18-12,0.0,0.0,-0.0,0
2012-01-18-18,0.0,0.0,-0.0,0
2012-01-18-21,0.0,0.0,0.0,0
2012-01-19-03,0.0,0.0,-0.0,0
2012-01-19-06,0.0,0.0,-0.0,0
2012-01-19-09,0.0,0.0,-0.0,0
2012-01-19-12,0.0,0.0,-0.0,0
2012-01-19-15,0.0,0.0,-0.0,0
2012-01-19-18,0.0,0.0,-0.0,0
2012-01-19-21,0.0,0.0,0.0,0
2012-01-20-00,0.0,0.0,-0.0,0
2012-01-20-03,0.0,0.0,-0.0,0
2012-01-20-06,0.0,0.0,-0.0,0
2012-01-20-09,0.0,0.0,-0.0,0
2012-01-20-12,0.0,0.0,-0.0,0
2012-01-20-15,0.0,0.0,0.0,0
2012-01-20-18,0.0,0.0,-0.0,0
2012-01-20-21,0.0,0.0,0.0,0
2012-01-21-00,0.0,0.0,-0.0,0
2012-01-21-03,0.0,0.0,-0.0,0
2012-01-21-06,0.0,0.0,-0.0,0
2012-01-21-09,0.0,0.0,-0.0,0
2012-01-21-12,0.0,0.0,0.0,0
2012-01-21-15,0.0,0.0,-0.0,0
2012-01-21-18,0.0,0.0,-0.0,0
2012-01-21-21,0.0,0.0,-0.0,0
2012-01-22-00,0.0,0.0,0.0,0
2012-01-22-03,0.0,0.0,-0.0,0
2012-01-22-06,0.0,0.0,-0.0,0
2012-01-22-09,0.0,0.0,0.0,0
2012-01-22-12,1374.6,1007.69,4001.76,0
2012-01-22-15,0.0,0.0,0.0,0
2012-01-22-18,0.0,0.0,0.0,0
2012-01-22-21,0.0,0.0,0.0,0
2012-01-23-00,0.0,0.0,-0.0,0
2012-01-23-03,0.0,0.0,-0.0,0
2012-01-23-06,0.0,0.0,0.0,0
2012-01-23-09,0.0,0.0,0.0,0
2012-01-23-12,0.0,0.0,-0.0,0
2012-01-23-21,0.0,0.0,0.0,0
2012-01-24-03,0.0,0.0,-0.0,0
2012-01-24-06,0.0,0.0,-0.0,0
2012-01-24-09,0.0,0.0,0.0,0
2012-01-24-12,0.0,0.0,0.0,0
2012-01-24-15,0.0,0.0,0.0,0
2012-01-24-18,0.0,0.0,0.0,0
2012-01-24-21,0.0,0.0,0.0,0
2012-01-25-03,0.0,0.0,-0.0,0
2012-01-25-06,659.43,0.0,6594.28,0
2012-01-25-09,0.0,0.0,0.0,0
2012-01-25-12,0.0,0.0,-0.0,0
2012-01-25-15,0.0,0.0,0.0,0
2012-01-25-18,0.0,0.0,-0.0,0
2012-01-25-21,0.0,0.0,0.0,0
2012-01-26-00,0.0,0.0,0.0,1
2012-01-26-03,0.0,0.0,-0.0,0
2012-01-26-06,0.0,0.0,-0.0,0
2012-01-26-09,0.0,0.0,0.0,0
2012-01-26-12,0.0,0.0,0.0,0
2012-01-26-15,0.0,0.0,-0.0,0
2012-01-26-18,0.0,0.0,-0.0,0
2012-01-26-21,0.0,0.0,-0.0,0
2012-01-27-00,0.0,0.0,0.0,1
2012-01-27-03,0.0,0.0,-0.0,0
2012-01-27-06,0.0,0.0,0.0,0
2012-01-27-09,0.0,0.0,0.0,0
2012-01-27-12,0.0,0.0,-0.0,0
2012-01-27-15,0.0,0.0,-0.0,0
2012-01-27-18,0.0,0.0,-0.0,0
2012-01-27-21,0.0,0.0,-0.0,0
2012-01-28-00,0.0,0.0,-0.0,0
2012-01-28-03,0.0,0.0,-0.0,0
2012-01-28-06,0.0,0.0,-0.0,0
2012-01-28-09,0.0,0.0,-0.0,0
2012-01-28-12,0.0,0.0,-0.0,0
2012-01-28-15,0.0,0.0,-0.0,0
2012-01-28-18,0.0,0.0,-0.0,0
2012-01-28-21,0.0,0.0,-0.0,0
2012-01-29-00,0.0,0.0,-0.0,0
2012-01-29-03,0.0,0.0,-0.0,0
2012-01-29-06,0.0,0.0,-0.0,0
2012-01-29-09,0.0,0.0,-0.0,0
2012-01-29-12,0.0,0.0,-0.0,0
2012-01-29-15,0.0,0.0,-0.0,0
2012-01-29-18,0.0,0.0,-0.0,0
2012-01-29-21,0.0,0.0,0.0,0
2012-01-30-00,0.0,0.0,-0.0,0
2012-01-30-03,0.0,0.0,-0.0,0
2012-01-30-06,0.0,0.0,0.0,0
2012-01-30-09,0.0,0.0,-0.0,0
2012-01-30-12,0.0,0.0,-0.0,0
2012-01-30-15,0.0,0.0,-0.0,0
2012-01-30-18,0.0,0.0,-0.0,0
2012-01-30-21,0.0,0.0,0.0,0
2012-01-31-00,0.0,0.0,0.0,0
2012-01-31-03,0.0,0.0,-0.0,0
2012-01-31-06,0.0,0.0,-0.0,0
2012-01-31-09,0.0,0.0,0.0,0
2012-01-31-12,0.0,0.0,0.0,0
2012-01-31-15,0.0,0.0,0.0,0
2012-01-31-18,0.0,0.0,-0.0,0
2012-01-31-21,0.0,0.0,-0.0,0
2012-02-01-03,0.0,0.0,0.0,0
2012-02-01-06,0.0,0.0,-0.0,0
2012-02-01-09,0.0,0.0,-0.0,0
2012-02-01-12,0.0,0.0,-0.0,0
2012-02-01-15,0.0,0.0,0.0,0
2012-02-01-18,0.0,0.0,-0.0,0
2012-02-01-21,0.0,0.0,0.0,0
2012-02-02-00,0.0,0.0,0.0,1
2012-02-02-03,0.0,0.0,-0.0,0
2012-02-02-06,0.0,0.0,-0.0,0
2012-02-02-09,0.0,0.0,0.0,0
2012-02-02-12,0.0,0.0,-0.0,0
2012-02-02-15,0.0,0.0,0.0,0
2012-02-02-18,0.0,0.0,-0.0,0
2012-02-02-21,0.0,0.0,-0.0,0
2012-02-03-00,0.0,0.0,0.0,1
2012-02-03-03,0.0,0.0,-0.0,0
2012-02-03-06,0.0,0.0,-0.0,0
2012-02-03-09,0.0,0.0,0.0,0
2012-02-03-12,0.0,0.0,-0.0,0
2012-02-03-15,0.0,0.0,0.0,0
2012-02-03-18,0.0,0.0,-0.0,0
2012-02-03-21,0.0,0.0,0.0,0
2012-02-04-00,0.0,0.0,-0.0,0
2012-02-04-03,0.0,0.0,-0.0,0
2012-02-04-06,0.0,0.0,-0.0,0
2012-02-04-09,0.0,0.0,0.0,0
2012-02-04-12,0.0,0.0,-0.0,0
2012-02-04-15,0.0,0.0,0.0,0
2012-02-04-18,0.0,0.0,-0.0,0
2012-02-04-21,0.0,0.0,0.0,0
2012-02-05-00,0.0,0.0,-0.0,0
2012-02-05-03,0.0,0.0,-0.0,0
2012-02-05-06,0.0,0.0,0.0,0
2012-02-05-09,0.0,0.0,0.0,0
2012-02-05-12,0.0,0.0,-0.0,0
2012-02-05-15,0.0,0.0,0.0,0
2012-02-05-18,0.0,0.0,-0.0,0
2012-02-05-21,0.0,0.0,0.0,0
2012-02-06-00,0.0,0.0,-0.0,0
2012-02-06-03,0.0,0.0,-0.0,0
2012-02-06-06,0.0,0.0,-0.0,0
2012-02-06-09,0.0,0.0,-0.0,0
2012-02-06-12,0.0,0.0,-0.0,0
2012-02-06-15,0.0,0.0,-0.0,0
2012-02-06-18,0.0,0.0,0.0,0
2012-02-06-21,0.0,0.0,0.0,0
2012-02-07-00,0.0,0.0,-0.0,0
2012-02-07-03,0.0,0.0,-0.0,0
2012-02-07-06,0.0,0.0,0.0,0
2012-02-07-09,0.0,0.0,0.0,0
2012-02-07-12,0.0,0.0,-0.0,0
2012-02-07-15,0.0,0.0,0.0,0
2012-02-07-18,0.0,0.0,-0.0,0
2012-02-07-21,0.0,0.0,-0.0,0
2012-02-08-00,0.0,0.0,0.0,0
2012-02-08-03,0.0,0.0,0.0,0
2012-02-08-06,0.0,0.0,-0.0,0
2012-02-08-09,0.0,0.0,-0.0,0
2012-02-08-12,0.0,0.0,-0.0,0
2012-02-08-15,0.0,0.0,0.0,0
2012-02-08-18,0.0,0.0,-0.0,0
2012-02-08-21,0.0,0.0,0.0,0
2012-02-09-00,0.0,0.0,0.0,1
2012-02-09-03,0.0,0.0,-0.0,0
2012-02-09-06,0.0,0.0,-0.0,0
2012-02-09-09,0.0,0.0,-0.0,0
2012-02-09-12,0.0,0.0,-0.0,0
2012-02-09-15,0.0,0.0,0.0,0
2012-02-09-18,0.0,0.0,-0.0,0
2012-02-09-21,0.0,0.0,0.0,0
2012-02-10-00,0.0,0.0,0.0,0
2012-02-10-03,0.0,0.0,-0.0,0
2012-02-10-06,0.0,0.0,-0.0,0
2012-02-10-09,0.0,0.0,-0.0,0
2012-02-10-12,0.0,0.0,-0.0,0
2012-02-10-15,0.0,0.0,0.0,0
2012-02-10-18,0.0,0.0,-0.0,0
2012-02-10-21,0.0,0.0,0.0,0
2012-02-11-00,0.0,0.0,-0.0,0
2012-02-11-03,0.0,0.0,-0.0,0
2012-02-11-06,0.0,0.0,-0.0,0
2012-02-11-09,0.0,0.0,-0.0,0
2012-02-11-12,0.0,0.0,-0.0,0
2012-02-11-15,0.0,0.0,0.0,0
2012-02-11-18,0.0,0.0,-0.0,0
2012-02-11-21,0.0,0.0,-0.0,0
2012-02-12-00,0.0,0.0,0.0,0
2012-02-12-03,0.0,0.0,-0.0,0
2012-02-12-06,0.0,0.0,-0.0,0
2012-02-12-09,0.0,0.0,0.0,0
2012-02-12-12,0.0,0.0,-0.0,0
2012-02-12-15,0.0,0.0,-0.0,0
2012-02-12-21,0.0,0.0,0.0,0
2012-02-13-00,0.0,0.0,0.0,0
2012-02-13-03,0.0,0.0,-0.0,0
2012-02-13-06,0.0,0.0,0.0,0
2012-02-13-09,0.0,0.0,0.0,0
2012-02-13-12,0.0,0.0,-0.0,0
2012-02-13-15,0.0,0.0,0.0,0
2012-02-13-18,0.0,0.0,-0.0,0
2012-02-13-21,0.0,0.0,0.0,0
2012-02-14-00,0.0,0.0,-0.0,0
2012-02-14-03,0.0,0.0,-0.0,0
2012-02-14-06,0.0,0.0,-0.0,0
2012-02-14-09,0.0,0.0,-0.0,0
2012-02-14-12,0.0,0.0,-0.0,0
2012-02-14-15,0.0,0.0,0.0,0
2012-02-14-18,0.0,0.0,-0.0,0
2012-02-14-21,0.0,0.0,-0.0,0
2012-02-15-00,0.0,0.0,-0.0,0
2012-02-15-03,0.0,0.0,-0.0,0
2012-02-15-06,2295.29,50.12,11051.69,0
2012-02-15-09,0.0,0.0,-0.0,0
2012-02-15-12,0.0,0.0,-0.0,0
2012-02-15-15,0.0,0.0,0.0,0
2012-02-15-18,0.0,0.0,0.0,0
2012-02-15-21,0.0,0.0,0.0,0
2012-02-16-00,0.0,0.0,-0.0,0
2012-02-16-03,0.0,0.0,-0.0,0
2012-02-16-06,0.0,0.0,0.0,0
2012-02-16-09,0.0,0.0,0.0,0
2012-02-16-12,0.0,0.0,-0.0,0
2012-02-16-15,0.0,0.0,0.0,0
2012-02-16-18,0.0,0.0,-0.0,0
2012-02-16-21,0.0,0.0,-0.0,0
2012-02-17-00,0.0,0.0,0.0,1
2012-02-17-03,0.0,0.0,-0.0,0
2012-02-17-06,0.0,0.0,-0.0,0
2012-02-17-09,0.0,0.0,0.0,0
2012-02-17-12,0.0,0.0,-0.0,0
2012-02-17-15,0.0,0.0,-0.0,0
2012-02-17-18,0.0,0.0,-0.0,0
2012-02-17-21,0.0,0.0,-0.0,0
2012-02-18-00,0.0,0.0,0.0,1
2012-02-18-03,0.0,0.0,-0.0,0
2012-02-18-06,0.0,0.0,0.0,0
2012-02-18-09,0.0,0.0,-0.0,0
2012-02-18-12,0.0,0.0,-0.0,0
2012-02-18-15,0.0,0.0,0.0,0
2012-02-18-18,0.0,0.0,-0.0,0
2012-02-18-21,0.0,0.0,-0.0,0
2012-02-19-00,0.0,0.0,0.0,1
2012-02-19-03,0.0,0.0,0.0,0
2012-02-19-06,309.55,0.0,3095.54,0
2012-02-19-09,0.0,0.0,0.0,0
2012-02-19-12,0.0,0.0,-0.0,0
2012-02-19-15,0.0,0.0,0.0,0
2012-02-19-18,0.0,0.0,-0.0,0
2012-02-19-21,0.0,0.0,0.0,0
2012-02-20-00,0.0,0.0,0.0,0
2012-02-20-03,0.0,0.0,0.0,0
2012-02-20-06,0.0,0.0,0.0,0
2012-02-20-09,0.0,0.0,0.0,0
2012-02-20-12,0.0,0.0,-0.0,0
2012-02-20-15,0.0,0.0,0.0,0
2012-02-20-18,0.0,0.0,0.0,0
2012-02-20-21,0.0,0.0,-0.0,0
2012-02-21-00,0.0,0.0,-0.0,0
2012-02-21-03,0.0,0.0,-0.0,0
2012-02-21-06,0.0,0.0,-0.0,0
2012-02-21-09,0.0,0.0,-0.0,0
2012-02-21-12,0.0,0.0,-0.0,0
2012-02-21-15,0.0,0.0,-0.0,0
2012-02-21-18,0.0,0.0,-0.0,0
2012-02-21-21,0.0,0.0,-0.0,0
2012-02-22-00,0.0,0.0,-0.0,0
2012-02-22-03,0.0,0.0,-0.0,0
2012-02-22-06,0.0,0.0,-0.0,0
2012-02-22-09,0.0,0.0,-0.0,0
2012-02-22-12,0.0,0.0,-0.0,0
2012-02-22-15,0.0,0.0,0.0,0
2012-02-22-18,0.0,0.0,-0.0,0
2012-02-22-21,0.0,0.0,-0.0,0
2012-02-23-00,0.0,0.0,-0.0,0
2012-02-23-03,0.0,0.0,-0.0,0
2012-02-23-06,0.0,0.0,0.0,0
2012-02-23-09,0.0,0.0,-0.0,0
2012-02-23-12,0.0,0.0,-0.0,0
2012-02-23-15,0.0,0.0,-0.0,0
2012-02-23-18,0.0,0.0,0.0,0
2012-02-23-21,0.0,0.0,0.0,0
2012-02-24-00,0.0,0.0,-0.0,0
2012-02-24-03,0.0,0.0,0.0,0
2012-02-24-06,0.0,0.0,-0.0,0
2012-02-24-09,0.0,0.0,-0.0,0
2012-02-24-12,0.0,0.0,-0.0,0
2012-02-24-15,0.0,0.0,0.0,0
2012-02-24-18,0.0,0.0,-0.0,0
2012-02-24-21,0.0,0.0,0.0,0
2012-02-25-00,0.0,0.0,0.0,1
2012-02-25-03,0.0,0.0,-0.0,0
2012-02-25-06,0.0,0.0,-0.0,0
2012-02-25-09,1076.4,0.0,4027.81,0
2012-02-25-12,0.0,0.0,-0.0,0
2012-02-25-15,0.0,0.0,0.0,0
2012-02-25-18,0.0,0.0,-0.0,0
2012-02-25-21,0.0,0.0,-0.0,0
2012-02-26-00,0.0,0.0,0.0,1
2012-02-26-03,0.0,0.0,-0.0,0
2012-02-26-06,0.0,0.0,-0.0,0
2012-02-26-09,0.0,0.0,0.0,0
2012-02-26-12,0.0,0.0,-0.0,0
2012-02-26-15,0.0,0.0,0.0,0
2012-02-26-18,0.0,0.0,-0.0,0
2012-02-26-21,0.0,0.0,-0.0,0
2012-02-27-00,0.0,0.0,0.0,1
2012-02-27-03,0.0,0.0,-0.0,0
2012-02-27-06,0.0,0.0,-0.0,0
2012-02-27-09,0.0,0.0,0.0,0
2012-02-27-12,0.0,0.0,-0.0,0
2012-02-27-18,0.0,0.0,0.0,0
2012-02-27-21,0.0,0.0,0.0,0
2012-02-28-00,0.0,0.0,-0.0,0
2012-02-28-03,0.0,0.0,0.0,0
2012-02-28-06,0.0,0.0,-0.0,0
2012-02-28-09,0.0,0.0,0.0,0
2012-02-28-12,0.0,0.0,-0.0,0
2012-02-28-15,0.0,0.0,-0.0,0
2012-02-28-21,0.0,0.0,0.0,0
2012-02-29-00,0.0,0.0,-0.0,0
2012-02-29-03,0.0,0.0,-0.0,0
2012-02-29-06,0.0,0.0,-0.0,0
2012-02-29-09,0.0,0.0,0.0,0
2012-02-29-12,0.0,0.0,-0.0,0
2012-02-29-15,0.0,0.0,-0.0,0
2012-02-29-18,0.0,0.0,-0.0,0
2012-02-29-21,0.0,0.0,0.0,0
2012-03-01-00,0.0,0.0,-0.0,0
2012-03-01-03,0.0,0.0,-0.0,0
2012-03-01-06,0.0,0.0,0.0,0
2012-03-01-09,0.0,0.0,-0.0,0
2012-03-01-12,0.0,0.0,-0.0,0
2012-03-01-15,0.0,0.0,0.0,0
2012-03-01-18,0.0,0.0,-0.0,0
2012-03-01-21,0.0,0.0,0.0,0
2012-03-02-00,0.0,0.0,-0.0,0
2012-03-02-03,0.0,0.0,-0.0,0
2012-03-02-06,0.0,0.0,0.0,0
2012-03-02-09,0.0,0.0,0.0,0
2012-03-02-12,0.0,0.0,-0.0,0
2012-03-02-15,0.0,0.0,0.0,0
2012-03-02-18,0.0,0.0,0.0,0
2012-03-02-21,0.0,0.0,-0.0,0
2012-03-03-00,0.0,0.0,0.0,0
2012-03-03-03,0.0,0.0,-0.0,0
2012-03-03-06,4286.53,969.33,11736.64,0
2012-03-03-09,0.0,0.0,-0.0,0
2012-03-03-12,0.0,0.0,-0.0,0
2012-03-03-15,0.0,0.0,0.0,0
2012-03-03-18,0.0,0.0,-0.0,0
2012-03-03-21,0.0,0.0,-0.0,0
2012-03-04-00,0.0,0.0,0.0,1
2012-03-04-03,0.0,0.0,0.0,0
2012-03-04-06,0.0,0.0,-0.0,0
2012-03-04-09,0.0,0.0,-0.0,0
2012-03-04-12,0.0,0.0,-0.0,0
2012-03-04-15,0.0,0.0,0.0,0
2012-03-04-18,0.0,0.0,-0.0,0
2012-03-04-21,0.0,0.0,-0.0,0
2012-03-05-00,0.0,0.0,0.0,1
2012-03-05-03,0.0,0.0,-0.0,0
2012-03-05-06,0.0,0.0,-0.0,0
2012-03-05-09,825.12,0.0,7771.2,0
2012-03-05-12,0.0,0.0,-0.0,0
2012-03-05-15,0.0,0.0,0.0,0
2012-03-05-18,0.0,0.0,-0.0,0
2012-03-05-21,0.0,0.0,0.0,0
2012-03-06-00,0.0,0.0,0.0,1
2012-03-06-03,0.0,0.0,0.0,0
2012-03-06-06,0.0,0.0,-0.0,0
2012-03-06-09,-12.78,0.0,-0.0,0
2012-03-06-12,0.0,0.0,0.0,0
2012-03-06-15,0.0,0.0,0.0,0
2012-03-06-18,0.0,0.0,-0.0,0
2012-03-06-21,0.0,0.0,0.0,0
2012-03-07-00,0.0,0.0,-0.0,0
2012-03-07-03,0.0,0.0,-0.0,0
2012-03-07-06,0.0,0.0,-0.0,0
2012-03-07-09,0.0,0.0,-0.0,0
2012-03-07-12,0.0,0.0,-0.0,0
2012-03-07-15,0.0,0.0,0.0,0
2012-03-07-18,0.0,0.0,-0.0,0
2012-03-07-21,0.0,0.0,0.0,0
2012-03-08-00,0.0,0.0,-0.0,0
2012-03-08-03,0.0,0.0,-0.0,0
2012-03-08-06,0.0,0.0,-0.0,0
2012-03-08-09,0.0,0.0,-0.0,0
2012-03-08-12,0.0,0.0,-0.0,0
2012-03-08-15,0.0,0.0,0.0,0
2012-03-08-18,0.0,0.0,0.0,0
2012-03-08-21,0.0,0.0,0.0,0
2012-03-09-00,0.0,0.0,-0.0,0
2012-03-09-03,0.0,0.0,-0.0,0
2012-03-09-06,0.0,0.0,0.0,0
2012-03-09-09,0.0,0.0,-0.0,0
2012-03-09-12,0.0,0.0,0.0,0
2012-03-09-15,0.0,0.0,0.0,0
2012-03-09-18,0.0,0.0,-0.0,0
2012-03-09-21,0.0,0.0,0.0,0
2012-03-10-00,0.0,0.0,-0.0,0
2012-03-10-03,0.0,0.0,0.0,0
2012-03-10-06,849.18,0.0,4416.41,0
2012-03-10-09,0.0,0.0,-0.0,0
2012-03-10-12,0.0,0.0,-0.0,0
2012-03-10-15,0.0,0.0,0.0,0
2012-03-10-18,0.0,0.0,0.0,0
2012-03-10-21,0.0,0.0,0.0,0
2012-03-11-03,0.0,0.0,-0.0,0
2012-03-11-06,0.0,0.0,-0.0,0
2012-03-11-09,0.0,0.0,-0.0,0
2012-03-11-12,0.0,0.0,0.0,0
2012-03-11-15,0.0,0.0,0.0,0
2012-03-11-18,0.0,0.0,-0.0,0
2012-03-11-21,0.0,0.0,0.0,0
2012-03-12-03,0.0,0.0,-0.0,0
2012-03-12-06,0.0,0.0,0.0,0
2012-03-12-09,0.0,0.0,-0.0,0
2012-03-12-12,0.0,0.0,0.0,0
2012-03-12-15,0.0,0.0,0.0,0
2012-03-12-18,0.0,0.0,0.0,0
2012-03-12-21,0.0,0.0,-0.0,0
2012-03-13-00,0.0,0.0,-0.0,0
2012-03-13-03,0.0,0.0,0.0,0
2012-03-13-06,0.0,0.0,0.0,0
2012-03-13-09,0.0,0.0,0.0,0
2012-03-13-12,0.0,0.0,-0.0,0
2012-03-13-15,0.0,0.0,-0.0,0
2012-03-13-18,0.0,0.0,0.0,0
2012-03-13-21,0.0,0.0,-0.0,0
2012-03-14-00,0.0,0.0,-0.0,0
2012-03-14-03,0.0,0.0,-0.0,0
2012-03-14-06,0.0,0.0,-0.0,0
2012-03-14-09,0.0,0.0,0.0,0
2012-03-14-12,0.0,0.0,-0.0,0
2012-03-14-15,0.0,0.0,0.0,0
2012-03-14-18,0.0,0.0,0.0,0
2012-03-14-21,0.0,0.0,-0.0,0
2012-03-15-00,0.0,0.0,-0.0,0
2012-03-15-03,0.0,0.0,-0.0,0
2012-03-15-06,0.0,0.0,0.0,0
2012-03-15-09,1907.44,0.0,6352.78,0
2012-03-15-12,0.0,0.0,-0.0,0
2012-03-16-12,0.0,0.0,0.0,0
2012-03-16-15,0.0,0.0,0.0,0
2012-03-16-18,0.0,0.0,-0.0,0
2012-03-16-21,0.0,0.0,0.0,0
2012-03-17-00,0.0,0.0,0.0,0
2012-03-17-03,0.0,0.0,-0.0,0
2012-03-17-06,539.43,0.0,5394.28,0
2012-03-17-09,0.0,0.0,-0.0,0
2012-03-17-12,0.0,0.0,-0.0,0
2012-03-17-15,0.0,0.0,-0.0,0
2012-03-17-18,0.0,0.0,-0.0,0
2012-03-17-21,0.0,0.0,0.0,0
2012-03-18-00,0.0,0.0,-0.0,0
2012-03-18-03,0.0,0.0,-0.0,0
2012-03-18-06,0.0,0.0,0.0,0
2012-03-18-09,0.0,0.0,-0.0,0
2012-03-18-12,1025.08,0.0,4450.99,0
2012-03-18-15,0.0,0.0,-0.0,0
2012-03-18-18,0.0,0.0,-0.0,0
2012-03-18-21,0.0,0.0,0.0,0
2012-03-19-00,0.0,0.0,0.0,1
2012-03-19-03,0.0,0.0,-0.0,0
2012-03-19-06,0.0,0.0,-0.0,0
2012-03-19-09,0.0,0.0,-0.0,0
2012-03-19-12,0.0,0.0,0.0,0
2012-03-19-15,0.0,0.0,-0.0,0
2012-03-19-18,0.0,0.0,-0.0,0
2012-03-19-21,0.0,0.0,0.0,0
2012-03-20-00,0.0,0.0,0.0,1
2012-03-20-03,0.0,0.0,0.0,0
2012-03-20-06,0.0,0.0,-0.0,0
2012-03-20-09,0.0,0.0,-0.0,0
2012-03-20-12,0.0,0.0,0.0,0
2012-03-20-15,0.0,0.0,0.0,0
2012-03-20-18,0.0,0.0,-0.0,0
2012-03-20-21,0.0,0.0,0.0,0
2012-03-21-00,0.0,0.0,0.0,1
2012-03-21-03,0.0,0.0,0.0,0
2012-03-21-06,0.0,0.0,-0.0,0
2012-03-21-09,0.0,0.0,0.0,0
2012-03-21-12,0.0,0.0,0.0,0
2012-03-21-15,0.0,0.0,0.0,0
2012-03-21-18,0.0,0.0,-0.0,0
2012-03-21-21,0.0,0.0,-0.0,0
2012-03-22-00,0.0,0.0,0.0,1
2012-03-22-03,0.0,0.0,0.0,0
2012-03-22-06,0.0,0.0,0.0,0
2012-03-22-09,0.0,0.0,-0.0,0
2012-03-22-12,0.0,0.0,-0.0,0
2012-03-22-15,0.0,0.0,0.0,0
2012-03-22-18,0.0,0.0,-0.0,0
2012-03-22-21,0.0,0.0,-0.0,0
2012-03-23-00,0.0,0.0,-0.0,0
2012-03-23-03,0.0,0.0,-0.0,0
2012-03-23-06,0.0,0.0,-0.0,0
2012-03-23-09,0.0,0.0,0.0,0
2012-03-23-12,0.0,0.0,-0.0,0
2012-03-23-15,0.0,0.0,0.0,0
2012-03-23-18,0.0,0.0,-0.0,0
2012-03-23-21,0.0,0.0,-0.0,0
2012-03-24-00,0.0,0.0,0.0,0
2012-03-24-03,0.0,0.0,0.0,0
2012-03-24-06,0.0,0.0,0.0,0
2012-03-24-09,0.0,0.0,0.0,0
2012-03-24-12,0.0,0.0,0.0,0
2012-03-24-15,0.0,0.0,0.0,0
2012-03-24-18,0.0,0.0,0.0,0
2012-03-24-21,0.0,0.0,-0.0,0
2012-03-25-00,0.0,0.0,-0.0,0
2012-03-25-03,0.0,0.0,0.0,0
2012-03-25-06,0.0,0.0,-0.0,0
2012-03-25-09,0.0,0.0,0.0,0
2012-03-25-12,0.0,0.0,-0.0,0
2012-03-25-15,0.0,0.0,0.0,0
2012-03-25-18,0.0,0.0,-0.0,0
2012-03-25-21,0.0,0.0,0.0,0
2012-03-26-00,0.0,0.0,-0.0,0
2012-03-26-03,0.0,0.0,0.0,0
2012-03-26-06,0.0,0.0,-0.0,0
2012-03-26-09,0.0,0.0,-0.0,0
2012-03-26-12,0.0,0.0,-0.0,0
2012-03-26-15,0.0,0.0,0.0,0
2012-03-26-18,0.0,0.0,0.0,0
2012-03-26-21,0.0,0.0,-0.0,0
2012-03-27-03,0.0,0.0,0.0,0
2012-03-27-06,0.0,0.0,0.0,0
2012-03-27-09,0.0,0.0,0.0,0
2012-03-27-12,0.0,0.0,0.0,0
2012-03-27-15,0.0,0.0,0.0,0
2012-03-27-18,0.0,0.0,0.0,0
2012-03-27-21,0.0,0.0,-0.0,0
2012-03-28-00,0.0,0.0,0.0,1
2012-03-28-03,0.0,0.0,-0.0,0
2012-03-28-06,0.0,0.0,0.0,0
2012-03-28-09,0.0,0.0,0.0,0
2012-03-28-12,0.0,0.0,0.0,0
2012-03-28-15,0.0,0.0,0.0,0
2012-03-28-18,0.0,0.0,-0.0,0
2012-03-28-21,0.0,0.0,-0.0,0
2012-03-29-00,0.0,0.0,0.0,1
2012-03-29-03,0.0,0.0,-0.0,0
2012-03-29-06,0.0,0.0,-0.0,0
2012-03-29-09,0.0,0.0,0.0,0
2012-03-29-12,0.0,0.0,-0.0,0
2012-03-29-15,0.0,0.0,-0.0,0
2012-03-29-18,0.0,0.0,0.0,0
2012-03-29-21,0.0,0.0,-0.0,0
2012-03-30-00,0.0,0.0,-0.0,0
2012-03-30-03,0.0,0.0,-0.0,0
2012-03-30-06,0.0,0.0,-0.0,0
2012-03-30-09,0.0,0.0,0.0,0
2012-03-30-12,0.0,0.0,0.0,0
2012-03-30-15,0.0,0.0,0.0,0
2012-03-30-18,0.0,0.0,0.0,0
2012-03-30-21,0.0,0.0,0.0,0
2012-03-31-00,0.0,0.0,0.0,0
2012-03-31-03,0.0,0.0,-0.0,0
2012-03-31-06,0.0,0.0,-0.0,0
2012-03-31-09,0.0,0.0,-0.0,0
2012-03-31-12,0.0,0.0,-0.0,0
2012-03-31-15,0.0,0.0,-0.0,0
2012-03-31-18,0.0,0.0,-0.0,0
2012-03-31-21,0.0,0.0,-0.0,0
2012-04-01-00,0.0,0.0,-0.0,0
2012-04-01-03,0.0,0.0,-0.0,0
2012-04-01-06,0.0,0.0,-0.0,0
2012-04-01-09,0.0,0.0,-0.0,0
2012-04-01-12,0.0,0.0,-0.0,0
2012-04-01-15,0.0,0.0,0.0,0
2012-04-01-21,0.0,0.0,0.0,0
2012-04-02-00,0.0,0.0,-0.0,0
2012-04-02-03,0.0,0.0,-0.0,0
2012-04-02-06,0.0,0.0,0.0,0
2012-04-02-09,0.0,0.0,-0.0,0
2012-04-02-12,0.0,0.0,-0.0,0
2012-04-02-15,0.0,0.0,0.0,0
2012-04-02-18,0.0,0.0,0.0,0
2012-04-02-21,0.0,0.0,0.0,0
2012-04-03-00,0.0,0.0,-0.0,0
2012-04-03-03,0.0,0.0,-0.0,0
2012-04-03-06,0.0,0.0,-0.0,0
2012-04-03-09,451.96,0.0,4519.61,0
2012-04-03-12,0.0,0.0,-0.0,0
2012-04-03-15,0.0,0.0,0.0,0
2012-04-03-18,0.0,0.0,-0.0,0
2012-04-03-21,0.0,0.0,0.0,0
2012-04-04-03,0.0,0.0,0.0,0
2012-04-04-06,0.0,0.0,-0.0,0
2012-04-04-09,0.0,0.0,0.0,0
2012-04-04-12,0.0,0.0,0.0,0
2012-04-04-15,0.0,0.0,0.0,0
2012-04-04-18,0.0,0.0,-0.0,0
2012-04-04-21,0.0,0.0,0.0,0
2012-04-05-03,0.0,0.0,-0.0,0
2012-04-05-06,0.0,0.0,0.0,0
2012-04-05-09,0.0,0.0,0.0,0
2012-04-05-12,0.0,0.0,0.0,0
2012-04-05-15,0.0,0.0,0.0,0
2012-04-05-18,0.0,0.0,-0.0,0
2012-04-05-21,0.0,0.0,-0.0,0
2012-04-06-00,0.0,0.0,0.0,1
2012-04-06-03,0.0,0.0,-0.0,0
2012-04-06-06,0.0,0.0,-0.0,0
2012-04-06-09,0.0,0.0,0.0,0
2012-04-06-12,0.0,0.0,0.0,0
2012-04-06-15,0.0,0.0,-0.0,0
2012-04-06-18,0.0,0.0,0.0,0
2012-04-06-21,0.0,0.0,-0.0,0
2012-04-07-00,0.0,0.0,-0.0,0
2012-04-07-09,79.32,0.0,793.19,0
2012-04-07-12,0.0,0.0,-0.0,0
2012-04-07-15,0.0,0.0,-0.0,0
2012-04-07-18,0.0,0.0,0.0,0
2012-04-07-21,-7011.96,0.0,-0.0,0
2012-04-08-00,0.0,0.0,-0.0,0
2012-04-08-03,0.0,0.0,-0.0,0
2012-04-08-06,0.0,0.0,-0.0,0
2012-04-08-09,0.0,0.0,-0.0,0
2012-04-08-12,0.0,0.0,-0.0,0
2012-04-08-15,0.0,0.0,-0.0,0
2012-04-08-18,0.0,0.0,0.0,0
2012-04-08-21,0.0,0.0,-0.0,0
2012-04-09-00,0.0,0.0,-0.0,0
2012-04-09-03,0.0,0.0,-0.0,0
2012-04-09-06,0.0,0.0,-0.0,0
2012-04-09-09,0.0,0.0,0.0,0
2012-04-09-12,0.0,0.0,-0.0,0
2012-04-09-15,0.0,0.0,-0.0,0
2012-04-09-18,0.0,0.0,-0.0,0
2012-04-09-21,0.0,0.0,-0.0,0
2012-04-10-00,0.0,0.0,0.0,0
2012-04-10-03,0.0,0.0,-0.0,0
2012-04-10-06,0.0,0.0,-0.0,0
2012-04-10-09,0.0,0.0,0.0,0
2012-04-10-12,0.0,0.0,-0.0,0
2012-04-10-15,0.0,0.0,-0.0,0
2012-04-10-18,0.0,0.0,-0.0,0
2012-04-10-21,-1691.6,0.0,420.05,0
2012-04-11-00,0.0,0.0,0.0,0
2012-04-11-03,0.0,0.0,-0.0,0
2012-04-11-06,0.0,0.0,-0.0,0
2012-04-11-09,0.0,0.0,0.0,0
2012-04-11-12,0.0,0.0,-0.0,0
2012-04-11-15,0.0,0.0,-0.0,0
2012-04-11-18,0.0,0.0,-0.0,0
2012-04-11-21,0.0,0.0,-0.0,0
2012-04-12-03,0.0,0.0,-0.0,0
2012-04-12-06,0.0,0.0,0.0,0
2012-04-12-09,0.0,0.0,0.0,0
2012-04-12-12,0.0,0.0,0.0,0
2012-04-12-15,0.0,0.0,0.0,0
2012-04-12-18,0.0,0.0,-0.0,0
2012-04-12-21,0.0,0.0,-0.0,0
2012-04-13-00,0.0,0.0,0.0,1
2012-04-13-03,0.0,0.0,-0.0,0
2012-04-13-06,0.0,0.0,0.0,0
2012-04-13-09,0.0,0.0,0.0,0
2012-04-13-12,0.0,0.0,-0.0,0
2012-04-13-15,0.0,0.0,-0.0,0
2012-04-13-18,0.0,0.0,0.0,0
2012-04-13-21,0.0,0.0,-0.0,0
2012-04-14-00,0.0,0.0,0.0,1
2012-04-14-03,0.0,0.0,0.0,0
2012-04-14-06,0.0,0.0,0.0,0
2012-04-14-09,419.5,0.0,4195.02,0
2012-04-14-12,0.0,0.0,0.0,0
2012-04-14-15,0.0,0.0,-0.0,0
2012-04-14-18,0.0,0.0,-0.0,0
2012-04-14-21,0.0,0.0,-0.0,0
2012-04-15-00,0.0,0.0,-0.0,0
2012-04-15-03,0.0,0.0,-0.0,0
2012-04-15-06,0.0,0.0,0.0,0
2012-04-15-09,0.0,0.0,0.0,0
2012-04-15-12,0.0,0.0,-0.0,0
2012-04-15-15,0.0,0.0,-0.0,0
2012-04-15-18,0.0,0.0,-0.0,0
2012-04-15-21,0.0,0.0,-0.0,0
2012-04-16-00,0.0,0.0,-0.0,0
2012-04-16-03,0.0,0.0,-0.0,0
2012-04-16-06,0.0,0.0,-0.0,0
2012-04-16-09,0.0,0.0,0.0,0
2012-04-16-12,0.0,0.0,0.0,0
2012-04-16-15,0.0,0.0,0.0,0
2012-04-16-18,0.0,0.0,-0.0,0
2012-04-16-21,0.0,0.0,-0.0,0
2012-04-17-00,0.0,0.0,-0.0,0
2012-04-17-03,0.0,0.0,-0.0,0
2012-04-17-06,0.0,0.0,0.0,0
2012-04-17-09,0.0,0.0,-0.0,0
2012-04-17-12,0.0,0.0,0.0,0
2012-04-17-15,0.0,0.0,0.0,0
2012-04-17-18,0.0,0.0,0.0,0
2012-04-17-21,0.0,0.0,0.0,0
2012-04-18-00,0.0,0.0,-0.0,0
2012-04-18-03,0.0,0.0,-0.0,0
2012-04-18-06,0.0,0.0,0.0,0
2012-04-18-09,0.0,0.0,0.0,0
2012-04-18-12,0.0,0.0,0.0,0
2012-04-18-15,0.0,0.0,0.0,0
2012-04-18-18,0.0,0.0,0.0,0
2012-04-18-21,0.0,0.0,0.0,0
2012-04-19-00,0.0,0.0,0.0,0
2012-04-19-03,0.0,0.0,-0.0,0
2012-04-19-06,0.0,0.0,-0.0,0
2012-04-19-09,0.0,0.0,0.0,0
2012-04-19-12,0.0,0.0,-0.0,0
2012-04-19-15,0.0,0.0,0.0,0
2012-04-19-18,0.0,0.0,-0.0,0
2012-04-19-21,0.0,0.0,-0.0,0
2012-04-20-03,0.0,0.0,-0.0,0
2012-04-20-06,0.0,0.0,0.0,0
2012-04-20-09,0.0,0.0,0.0,0
2012-04-20-12,0.0,0.0,-0.0,0
2012-04-20-15,0.0,0.0,0.0,0
2012-04-20-18,0.0,0.0,-0.0,0
2012-04-20-21,0.0,0.0,0.0,0
2012-04-21-00,0.0,0.0,-0.0,0
2012-04-21-03,0.0,0.0,0.0,0
2012-04-21-06,0.0,0.0,0.0,0
2012-04-21-09,0.0,0.0,0.0,0
2012-04-21-12,0.0,0.0,0.0,0
2012-04-21-15,0.0,0.0,-0.0,0
2012-04-21-18,0.0,0.0,-0.0,0
2012-04-21-21,38.2,0.0,261.98,0
2012-04-22-00,0.0,0.0,0.0,0
2012-04-22-03,0.0,0.0,-0.0,0
2012-04-22-06,0.0,0.0,0.0,0
2012-04-22-09,111.69,0.0,1116.89,0
2012-04-22-12,0.0,0.0,-0.0,0
2012-04-22-15,0.0,0.0,-0.0,0
2012-04-22-18,0.0,0.0,0.0,0
2012-04-22-21,109.54,0.0,549.44,0
2012-04-23-00,0.0,0.0,-0.0,0
2012-04-23-03,0.0,0.0,-0.0,0
2012-04-23-06,1652.57,0.0,11395.76,0
2012-04-23-09,0.0,0.0,0.0,0
2012-04-23-12,0.0,0.0,0.0,0
2012-04-23-15,0.0,0.0,-0.0,0
2012-04-23-18,0.0,0.0,0.0,0
2012-04-23-21,-42.39,0.0,-0.0,0
2012-04-24-00,0.0,0.0,-0.0,0
2012-04-24-03,0.0,0.0,-0.0,0
2012-04-24-06,0.0,0.0,0.0,0
2012-04-24-09,0.0,0.0,-0.0,0
2012-04-24-12,0.0,0.0,-0.0,0
2012-04-24-15,0.0,0.0,0.0,0
2012-04-24-18,0.0,0.0,-0.0,0
2012-04-24-21,-70.18,0.0,268.6,0
2012-04-25-00,0.0,0.0,-0.0,0
2012-04-25-03,0.0,0.0,-0.0,0
2012-04-25-06,79.41,0.0,794.08,0
2012-04-25-09,0.0,0.0,-0.0,0
2012-04-25-12,0.0,0.0,-0.0,0
2012-04-25-15,0.0,0.0,0.0,0
2012-04-25-18,0.0,0.0,0.0,0
2012-04-25-21,-623.17,0.0,0.0,0
2012-04-26-00,0.0,0.0,-0.0,0
2012-04-26-03,0.0,0.0,-0.0,0
2012-04-26-06,0.0,0.0,-0.0,0
2012-04-26-09,0.0,0.0,0.0,0
2012-04-26-12,0.0,0.0,-0.0,0
2012-04-26-15,0.0,0.0,0.0,0
2012-04-26-18,0.0,0.0,-0.0,0
2012-04-26-21,0.0,0.0,-0.0,0
2012-04-27-00,0.0,0.0,0.0,0
2012-04-27-03,0.0,0.0,-0.0,0
2012-04-27-06,0.0,0.0,0.0,0
2012-04-27-09,0.0,0.0,-0.0,0
2012-04-27-12,0.0,0.0,-0.0,0
2012-04-27-15,0.0,0.0,0.0,0
2012-04-27-18,0.0,0.0,-0.0,0
2012-04-27-21,43.73,0.0,354.31,0
2012-04-28-03,0.0,0.0,-0.0,0
2012-04-28-06,0.0,0.0,-0.0,0
2012-04-28-09,0.0,0.0,0.0,0
2012-04-28-12,0.0,0.0,-0.0,0
2012-04-28-15,0.0,0.0,0.0,0
2012-04-28-18,0.0,0.0,0.0,0
2012-04-28-21,0.0,0.0,-0.0,0
2012-04-29-00,0.0,0.0,0.0,1
2012-04-29-03,0.0,0.0,-0.0,0
2012-04-29-06,0.0,0.0,-0.0,0
2012-04-29-09,0.0,0.0,-0.0,0
2012-04-29-12,0.0,0.0,-0.0,0
2012-04-29-15,0.0,0.0,-0.0,0
2012-04-29-18,0.0,0.0,-0.0,0
2012-04-29-21,-6152.37,-278.41,656.07,0
2012-04-30-00,0.0,0.0,-0.0,0
2012-04-30-03,0.0,0.0,-0.0,0
2012-04-30-06,0.0,0.0,0.0,0
2012-04-30-09,0.0,0.0,0.0,0
2012-04-30-12,0.0,0.0,-0.0,0
2012-04-30-15,0.0,0.0,-0.0,0
2012-04-30-18,0.0,0.0,-0.0,0
2012-04-30-21,-5996.38,-4136.09,714.23,0
2012-05-01-00,0.0,0.0,0.0,0
2012-05-01-03,0.0,0.0,-0.0,0
2012-05-01-06,0.0,0.0,-0.0,0
2012-05-01-09,0.0,0.0,-0.0,0
2012-05-01-12,0.0,0.0,-0.0,0
2012-05-01-15,0.0,0.0,-0.0,0
2012-05-01-18,0.0,0.0,-0.0,0
2012-05-01-21,-42.46,0.0,243.88,0
2012-05-02-00,0.0,0.0,-0.0,0
2012-05-02-03,0.0,0.0,-0.0,0
2012-05-02-06,0.0,0.0,-0.0,0
2012-05-02-09,0.0,0.0,-0.0,0
2012-05-02-12,0.0,0.0,0.0,0
2012-05-02-15,0.0,0.0,0.0,0
2012-05-02-18,0.0,0.0,-0.0,0
2012-05-02-21,0.0,0.0,-0.0,0
2012-05-03-00,0.0,0.0,-0.0,0
2012-05-03-03,0.0,0.0,-0.0,0
2012-05-03-06,0.0,0.0,0.0,0
2012-05-03-09,0.0,0.0,-0.0,0
2012-05-03-12,0.0,0.0,-0.0,0
2012-05-03-15,0.0,0.0,0.0,0
2012-05-03-18,0.0,0.0,-0.0,0
2012-05-03-21,-8469.55,-41.43,550.66,0
2012-05-04-00,0.0,0.0,0.0,0
2012-05-04-03,0.0,0.0,-0.0,0
2012-05-04-06,0.0,0.0,-0.0,0
2012-05-04-09,0.0,0.0,-0.0,0
2012-05-04-12,0.0,0.0,-0.0,0
2012-05-04-15,0.0,0.0,-0.0,0
2012-05-04-18,0.0,0.0,-0.0,0
2012-05-04-21,-3984.76,-198.13,1128.08,0
2012-05-05-00,0.0,0.0,-0.0,0
2012-05-05-03,0.0,0.0,-0.0,0
2012-05-05-06,0.0,0.0,0.0,0
2012-05-05-09,0.0,0.0,0.0,0
2012-05-05-12,0.0,0.0,-0.0,0
2012-05-05-15,0.0,0.0,0.0,0
2012-05-05-18,0.0,0.0,-0.0,0
2012-05-05-21,0.0,0.0,-0.0,0
2012-05-06-03,0.0,0.0,-0.0,0
2012-05-06-06,0.0,0.0,-0.0,0
2012-05-06-09,0.0,0.0,0.0,0
2012-05-06-12,0.0,0.0,-0.0,0
2012-05-06-15,0.0,0.0,0.0,0
2012-05-06-18,0.0,0.0,-0.0,0
2012-05-06-21,-5278.36,-66.04,406.58,0
2012-05-07-00,0.0,0.0,-0.0,0
2012-05-07-03,0.0,0.0,-0.0,0
2012-05-07-06,0.0,0.0,0.0,0
2012-05-07-09,0.0,0.0,-0.0,0
2012-05-07-12,0.0,0.0,0.0,0
2012-05-07-15,0.0,0.0,0.0,0
2012-05-07-18,0.0,0.0,-0.0,0
2012-05-07-21,0.0,0.0,-0.0,0
2012-05-08-00,0.0,0.0,-0.0,0
2012-05-08-03,0.0,0.0,-0.0,0
2012-05-08-06,0.0,0.0,0.0,0
2012-05-08-09,0.0,0.0,-0.0,0
2012-05-08-12,0.0,0.0,0.0,0
2012-05-08-15,0.0,0.0,-0.0,0
2012-05-08-18,0.0,0.0,0.0,0
2012-05-08-21,0.8,1.0,1.0,0
2012-05-09-00,0.0,0.0,-0.0,0
2012-05-09-03,0.0,0.0,0.0,0
2012-05-09-06,2241.97,0.0,16586.11,0
2012-05-09-09,0.0,0.0,0.0,0
2012-05-09-12,0.0,0.0,-0.0,0
2012-05-09-15,0.0,0.0,-0.0,0
2012-05-09-18,0.0,0.0,-0.0,0
2012-05-09-21,-3342.86,0.0,1337.5,0
2012-05-10-00,0.0,0.0,-0.0,0
2012-05-10-03,0.0,0.0,-0.0,0
2012-05-10-06,0.0,0.0,-0.0,0
2012-05-10-09,0.0,0.0,0.0,0
2012-05-10-12,0.0,0.0,0.0,0
2012-05-10-15,0.0,0.0,0.0,0
2012-05-10-18,0.0,0.0,-0.0,0
2012-05-10-21,-6514.66,-5099.52,546.77,0
2012-05-11-00,0.0,0.0,-0.0,0
2012-05-11-03,0.0,0.0,0.0,0
2012-05-11-06,0.0,0.0,0.0,0
2012-05-11-09,0.0,0.0,-0.0,0
2012-05-11-12,0.0,0.0,-0.0,0
2012-05-11-15,0.0,0.0,0.0,0
2012-05-11-18,0.0,0.0,-0.0,0
2012-05-11-21,0.0,0.0,-0.0,0
2012-05-12-00,0.0,0.0,-0.0,0
2012-05-12-03,0.0,0.0,-0.0,0
2012-05-12-06,0.0,0.0,-0.0,0
2012-05-12-09,0.0,0.0,0.0,0
2012-05-12-12,0.0,0.0,-0.0,0
2012-05-12-15,0.0,0.0,0.0,0
2012-05-12-18,0.0,0.0,-0.0,0
2012-05-12-21,-8395.6,-5450.96,223.95,0
2012-05-13-00,0.0,0.0,-0.0,0
2012-05-13-03,0.0,0.0,-0.0,0
2012-05-13-06,0.0,0.0,-0.0,0
2012-05-13-09,0.0,0.0,0.0,0
2012-05-13-12,0.0,0.0,0.0,0
2012-05-13-15,0.0,0.0,0.0,0
2012-05-13-18,0.0,0.0,-0.0,0
2012-05-13-21,-472.77,0.0,584.9,0
2012-05-14-03,0.0,0.0,-0.0,0
2012-05-14-06,0.0,0.0,-0.0,0
2012-05-14-09,0.0,0.0,0.0,0
2012-05-14-12,0.0,0.0,0.0,0
2012-05-14-15,0.0,0.0,-0.0,0
2012-05-14-18,0.0,0.0,-0.0,0
2012-05-14-21,0.0,0.0,-0.0,0
2012-05-15-00,0.0,0.0,-0.0,0
2012-05-15-03,0.0,0.0,-0.0,0
2012-05-15-06,0.0,0.0,-0.0,0
2012-05-15-09,0.0,0.0,0.0,0
2012-05-15-12,0.0,0.0,-0.0,0
2012-05-15-15,0.0,0.0,0.0,0
2012-05-15-18,0.0,0.0,-0.0,0
2012-05-15-21,-2553.08,0.0,702.11,0
2012-05-16-00,0.0,0.0,-0.0,0
2012-05-16-03,0.0,0.0,-0.0,0
2012-05-16-06,0.0,0.0,-0.0,0
2012-05-16-09,0.0,0.0,-0.0,0
2012-05-16-12,0.0,0.0,-0.0,0
2012-05-16-15,0.0,0.0,0.0,0
2012-05-16-18,0.0,0.0,-0.0,0
2012-05-16-21,0.0,0.0,-0.0,0
2012-05-17-00,0.0,0.0,-0.0,0
2012-05-17-03,0.0,0.0,-0.0,0
2012-05-17-06,0.0,0.0,-0.0,0
2012-05-17-09,0.0,0.0,0.0,0
2012-05-17-12,0.0,0.0,-0.0,0
2012-05-17-15,0.0,0.0,-0.0,0
2012-05-17-18,0.0,0.0,-0.0,0
2012-05-17-21,-1857.99,-40.44,722.11,0
2012-05-18-00,0.0,0.0,-0.0,0
2012-05-18-03,0.0,0.0,-0.0,0
2012-05-18-06,0.0,0.0,-0.0,0
2012-05-18-09,0.0,0.0,0.0,0
2012-05-18-12,0.0,0.0,-0.0,0
2012-05-18-15,0.0,0.0,-0.0,0
2012-05-18-18,0.0,0.0,0.0,0
2012-05-18-21,-48.73,0.0,467.64,0
2012-05-19-00,0.0,0.0,-0.0,0
2012-05-19-03,0.0,0.0,-0.0,0
2012-05-19-06,0.0,0.0,0.0,0
2012-05-19-09,0.0,0.0,-0.0,0
2012-05-19-12,0.0,0.0,-0.0,0
2012-05-19-15,0.0,0.0,0.0,0
2012-05-19-18,0.0,0.0,-0.0,0
2012-05-19-21,-1046.18,0.0,2.88,0
2012-05-20-00,0.0,0.0,-0.0,0
2012-05-20-03,0.0,0.0,-0.0,0
2012-05-20-06,0.0,0.0,0.0,0
2012-05-20-09,0.0,0.0,-0.0,0
2012-05-20-12,0.0,0.0,-0.0,0
2012-05-20-15,0.0,0.0,0.0,0
2012-05-20-18,0.0,0.0,-0.0,0
2012-05-20-21,-7194.71,-1881.11,417.17,0
2012-05-21-03,0.0,0.0,-0.0,0
2012-05-21-06,0.0,0.0,-0.0,0
2012-05-21-09,0.0,0.0,-0.0,0
2012-05-21-12,0.0,0.0,-0.0,0
2012-05-21-15,0.0,0.0,-0.0,0
2012-05-21-18,0.0,0.0,-0.0,0
2012-05-21-21,0.0,0.0,0.0,0
2012-05-22-03,0.0,0.0,-0.0,0
2012-05-22-06,0.0,0.0,-0.0,0
2012-05-22-09,0.0,0.0,-0.0,0
2012-05-22-12,0.0,0.0,-0.0,0
2012-05-22-15,0.0,0.0,0.0,0
2012-05-22-18,0.0,0.0,-0.0,0
2012-05-22-21,-3382.55,0.0,853.38,0
2012-05-23-00,0.0,0.0,0.0,0
2012-05-23-03,0.0,0.0,-0.0,0
2012-05-23-06,2214.03,0.0,9973.81,0
2012-05-23-09,0.0,0.0,0.0,0
2012-05-23-12,0.0,0.0,-0.0,0
2012-05-23-15,0.0,0.0,-0.0,0
2012-05-23-18,0.0,0.0,-0.0,0
2012-05-23-21,-133.77,-32.03,85.19,0
2012-05-24-00,0.0,0.0,-0.0,0
2012-05-24-03,0.0,0.0,0.0,0
2012-05-24-06,0.0,0.0,-0.0,0
2012-05-24-09,0.0,0.0,0.0,0
2012-05-24-12,0.0,0.0,0.0,0
2012-05-24-15,0.0,0.0,-0.0,0
2012-05-24-18,0.0,0.0,-0.0,0
2012-05-24-21,-2432.75,-144.99,246.38,0
2012-05-25-00,0.0,0.0,-0.0,0
2012-05-25-03,0.0,0.0,-0.0,0
2012-05-25-06,0.0,0.0,-0.0,0
2012-05-25-09,0.0,0.0,0.0,0
2012-05-25-12,0.0,0.0,-0.0,0
2012-05-25-15,0.0,0.0,0.0,0
2012-05-25-18,0.0,0.0,-0.0,0
2012-05-25-21,0.0,0.0,-0.0,0
2012-05-26-00,0.0,0.0,-0.0,0
2012-05-26-03,0.0,0.0,-0.0,0
2012-05-26-06,0.0,0.0,-0.0,0
2012-05-26-09,0.0,0.0,-0.0,0
2012-05-26-12,0.0,0.0,-0.0,0
2012-05-26-15,0.0,0.0,0.0,0
2012-05-26-18,0.0,0.0,-0.0,0
2012-05-26-21,-11468.29,-6147.12,345.0,0
2012-05-27-00,0.0,0.0,0.0,0
2012-05-27-03,0.0,0.0,-0.0,0
2012-05-27-06,0.0,0.0,-0.0,0
2012-05-27-09,0.0,0.0,0.0,0
2012-05-27-12,0.0,0.0,-0.0,0
2012-05-27-15,0.0,0.0,0.0,0
2012-05-27-18,0.0,0.0,-0.0,0
2012-05-27-21,-1089.33,44.92,536.7,0
2012-05-28-00,0.0,0.0,-0.0,0
2012-05-28-03,0.0,0.0,-0.0,0
2012-05-28-06,0.0,0.0,-0.0,0
2012-05-28-09,0.0,0.0,-0.0,0
2012-05-28-12,0.0,0.0,-0.0,0
2012-05-28-15,0.0,0.0,0.0,0
2012-05-28-18,0.0,0.0,-0.0,0
2012-05-28-21,0.0,0.0,0.0,0
2012-05-29-03,0.0,0.0,-0.0,0
2012-05-29-06,0.0,0.0,0.0,0
2012-05-29-09,0.0,0.0,-0.0,0
2012-05-29-12,0.0,0.0,0.0,0
2012-05-29-15,0.0,0.0,0.0,0
2012-05-29-18,0.0,0.0,-0.0,0
2012-05-29-21,-1914.51,0.0,414.83,0
2012-05-30-03,0.0,0.0,-0.0,0
2012-05-30-06,0.0,0.0,0.0,0
2012-05-30-09,0.0,0.0,-0.0,0
2012-05-30-12,0.0,0.0,-0.0,0
2012-05-30-15,0.0,0.0,0.0,0
2012-05-30-18,0.0,0.0,-0.0,0
2012-05-30-21,-736.05,-3.49,599.33,0
2012-05-31-00,0.0,0.0,-0.0,0
2012-05-31-03,0.0,0.0,-0.0,0
2012-05-31-06,0.0,0.0,-0.0,0
2012-05-31-09,0.0,0.0,-0.0,0
2012-05-31-12,0.0,0.0,-0.0,0
2012-05-31-15,0.0,0.0,0.0,0
2012-05-31-18,0.0,0.0,-0.0,0
2012-05-31-21,-46.4,0.0,292.39,0
2012-06-01-00,0.0,0.0,0.0,0
2012-06-01-03,0.0,0.0,-0.0,0
2012-06-01-06,0.0,0.0,-0.0,0
2012-06-01-09,0.0,0.0,-0.0,0
2012-06-01-12,0.0,0.0,0.0,0
2012-06-01-15,0.0,0.0,-0.0,0
2012-06-01-18,0.0,0.0,-0.0,0
2012-06-01-21,0.0,0.0,-0.0,0
2012-06-02-00,0.0,0.0,-0.0,0
2012-06-02-03,0.0,0.0,0.0,0
2012-06-02-06,0.0,0.0,0.0,0
2012-06-02-09,0.0,0.0,-0.0,0
2012-06-02-12,0.0,0.0,-0.0,0
2012-06-02-15,0.0,0.0,0.0,0
2012-06-02-18,0.0,0.0,-0.0,0
2012-06-02-21,0.0,0.0,-0.0,0
2012-06-03-00,0.0,0.0,-0.0,0
2012-06-03-03,0.0,0.0,0.0,0
2012-06-03-06,0.0,0.0,-0.0,0
2012-06-03-09,0.0,0.0,-0.0,0
2012-06-03-12,0.0,0.0,-0.0,0
2012-06-03-15,0.0,0.0,0.0,0
2012-06-03-18,0.0,0.0,-0.0,0
2012-06-03-21,0.0,0.0,-0.0,0
2012-06-04-00,0.0,0.0,0.0,0
2012-06-04-03,0.0,0.0,-0.0,0
2012-06-04-06,0.0,0.0,0.0,0
2012-06-04-09,0.0,0.0,-0.0,0
2012-06-04-12,0.0,0.0,-0.0,0
2012-06-04-15,0.0,0.0,0.0,0
2012-06-04-18,0.0,0.0,-0.0,0
2012-06-04-21,0.0,0.0,0.0,0
2012-06-05-00,0.0,0.0,0.0,0
2012-06-05-03,0.0,0.0,0.0,0
2012-06-05-06,0.0,0.0,0.0,0
2012-06-05-09,0.0,0.0,0.0,0
2012-06-05-12,0.0,0.0,-0.0,0
2012-06-05-15,0.0,0.0,0.0,0
2012-06-05-18,0.0,0.0,0.0,0
2012-06-05-21,-91.06,0.69,802.91,0
2012-06-06-00,0.0,0.0,0.0,1
2012-06-06-03,0.0,0.0,-0.0,0
2012-06-06-06,0.0,0.0,-0.0,0
2012-06-06-09,0.0,0.0,-0.0,0
2012-06-06-12,0.0,0.0,0.0,0
2012-06-06-15,0.0,0.0,-0.0,0
2012-06-06-18,0.0,0.0,-0.0,0
2012-06-06-21,336.42,0.0,1208.27,0
2012-06-07-03,0.0,0.0,-0.0,0
2012-06-07-06,0.0,0.0,0.0,0
2012-06-07-09,0.0,0.0,-0.0,0
2012-06-07-12,0.0,0.0,-0.0,0
2012-06-07-15,0.0,0.0,-0.0,0
2012-06-07-18,0.0,0.0,0.0,0
2012-06-07-21,-3525.2,-1816.65,39.35,0
2012-06-08-00,0.0,0.0,0.0,0
2012-06-08-03,0.0,0.0,-0.0,0
2012-06-08-06,0.0,0.0,0.0,0
2012-06-08-09,0.0,0.0,0.0,0
2012-06-08-12,0.0,0.0,-0.0,0
2012-06-08-15,0.0,0.0,-0.0,0
2012-06-08-18,0.0,0.0,-0.0,0
2012-06-08-21,-2263.84,0.0,159.26,0
2012-06-09-00,0.0,0.0,0.0,0
2012-06-09-03,0.0,0.0,0.0,0
2012-06-09-06,0.0,0.0,0.0,0
2012-06-09-09,0.0,0.0,-0.0,0
2012-06-09-12,0.0,0.0,-0.0,0
2012-06-09-15,0.0,0.0,-0.0,0
2012-06-09-18,0.0,0.0,-0.0,0
2012-06-09-21,0.0,0.0,-0.0,0
2012-06-10-00,0.0,0.0,-0.0,0
2012-06-10-03,0.0,0.0,-0.0,0
2012-06-10-06,0.0,0.0,0.0,0
2012-06-10-09,0.0,0.0,-0.0,0
2012-06-10-12,0.0,0.0,0.0,0
2012-06-10-15,0.0,0.0,-0.0,0
2012-06-10-18,0.0,0.0,-0.0,0
2012-06-10-21,0.0,0.0,-0.0,0
2012-06-11-00,0.0,0.0,-0.0,0
2012-06-11-03,0.0,0.0,-0.0,0
2012-06-11-06,0.0,0.0,-0.0,0
2012-06-11-09,0.0,0.0,-0.0,0
2012-06-11-12,0.0,0.0,-0.0,0
2012-06-11-15,0.0,0.0,0.0,0
2012-06-11-21,0.0,0.0,0.0,0
2012-06-12-00,0.0,0.0,-0.0,0
2012-06-12-03,0.0,0.0,-0.0,0
2012-06-12-06,0.0,0.0,-0.0,0
2012-06-12-09,0.0,0.0,-0.0,0
2012-06-12-12,0.0,0.0,-0.0,0
2012-06-12-15,0.0,0.0,0.0,0
2012-06-12-18,0.0,0.0,-0.0,0
2012-06-12-21,0.0,0.0,-0.0,0
2012-06-13-00,0.0,0.0,-0.0,0
2012-06-13-03,0.0,0.0,0.0,0
2012-06-13-06,0.0,0.0,-0.0,0
2012-06-13-09,0.0,0.0,0.0,0
2012-06-13-12,0.0,0.0,-0.0,0
2012-06-13-15,0.0,0.0,0.0,0
2012-06-13-18,0.0,0.0,-0.0,0
2012-06-13-21,-4440.45,-90.73,504.32,0
2012-06-14-03,0.0,0.0,-0.0,0
2012-06-14-06,0.0,0.0,-0.0,0
2012-06-14-09,0.0,0.0,0.0,0
2012-06-14-12,0.0,0.0,-0.0,0
2012-06-14-15,0.0,0.0,0.0,0
2012-06-14-18,0.0,0.0,0.0,0
2012-06-14-21,-3738.93,-512.92,784.79,0
2012-06-15-00,0.0,0.0,-0.0,0
2012-06-15-03,0.0,0.0,-0.0,0
2012-06-15-06,0.0,0.0,-0.0,0
2012-06-15-09,0.0,0.0,-0.0,0
2012-06-15-12,0.0,0.0,-0.0,0
2012-06-15-15,0.0,0.0,0.0,0
2012-06-15-18,0.0,0.0,-0.0,0
2012-06-15-21,-1736.4,0.0,116.95,0
2012-06-16-00,0.0,0.0,-0.0,0
2012-06-16-03,0.0,0.0,-0.0,0
2012-06-16-06,0.0,0.0,0.0,0
2012-06-16-09,0.0,0.0,0.0,0
2012-06-16-12,0.0,0.0,-0.0,0
2012-06-16-15,0.0,0.0,-0.0,0
2012-06-16-18,0.0,0.0,-0.0,0
2012-06-16-21,-905.16,0.0,542.84,0
2012-06-17-00,0.0,0.0,0.0,0
2012-06-17-03,0.0,0.0,-0.0,0
2012-06-17-06,0.0,0.0,0.0,0
2012-06-17-09,0.0,0.0,0.0,0
2012-06-17-12,0.0,0.0,-0.0,0
2012-06-17-15,0.0,0.0,0.0,0
2012-06-17-18,0.0,0.0,0.0,0
2012-06-17-21,0.0,0.0,-0.0,0
2012-06-18-00,0.0,0.0,-0.0,0
2012-06-18-03,0.0,0.0,0.0,0
2012-06-18-06,0.0,0.0,-0.0,0
2012-06-18-09,0.0,0.0,0.0,0
2012-06-18-12,0.0,0.0,-0.0,0
2012-06-18-15,0.0,0.0,-0.0,0
2012-06-18-18,0.0,0.0,-0.0,0
2012-06-18-21,0.0,0.0,0.0,0
2012-06-19-00,0.0,0.0,-0.0,0
2012-06-19-03,0.0,0.0,-0.0,0
2012-06-19-06,0.0,0.0,-0.0,0
2012-06-19-09,0.0,0.0,0.0,0
2012-06-19-12,0.0,0.0,-0.0,0
2012-06-19-15,0.0,0.0,0.0,0
2012-06-19-18,0.0,0.0,-0.0,0
2012-06-19-21,-842.54,0.0,472.65,0
2012-06-20-00,0.0,0.0,-0.0,0
2012-06-20-03,0.0,0.0,-0.0,0
2012-06-20-06,0.0,0.0,-0.0,0
2012-06-20-09,0.0,0.0,-0.0,0
2012-06-20-12,0.0,0.0,-0.0,0
2012-06-20-15,0.0,0.0,0.0,0
2012-06-20-18,0.0,0.0,-0.0,0
2012-06-20-21,0.0,0.0,-0.0,0
2012-06-21-00,0.0,0.0,-0.0,0
2012-06-21-03,0.0,0.0,-0.0,0
2012-06-21-06,0.0,0.0,-0.0,0
2012-06-21-09,0.0,0.0,0.0,0
2012-06-21-12,0.0,0.0,0.0,0
2012-06-21-15,0.0,0.0,-0.0,0
2012-06-21-18,0.0,0.0,-0.0,0
2012-06-21-21,-5493.93,-717.11,155.74,0
2012-06-22-03,0.0,0.0,-0.0,0
2012-06-22-06,0.0,0.0,0.0,0
2012-06-22-09,0.0,0.0,-0.0,0
2012-06-22-12,0.0,0.0,-0.0,0
2012-06-22-15,0.0,0.0,0.0,0
2012-06-22-18,0.0,0.0,-0.0,0
2012-06-22-21,-5424.6,-45.01,674.49,0
2012-06-23-00,0.0,0.0,-0.0,0
2012-06-23-03,0.0,0.0,-0.0,0
2012-06-23-06,0.0,0.0,0.0,0
2012-06-23-09,0.0,0.0,-0.0,0
2012-06-23-12,0.0,0.0,-0.0,0
2012-06-23-15,0.0,0.0,-0.0,0
2012-06-23-18,0.0,0.0,-0.0,0
2012-06-23-21,190.76,0.0,978.13,0
2012-06-24-00,0.0,0.0,-0.0,0
2012-06-24-03,0.0,0.0,-0.0,0
2012-06-24-06,0.0,0.0,-0.0,0
2012-06-24-09,0.0,0.0,-0.0,0
2012-06-24-12,0.0,0.0,-0.0,0
2012-06-24-15,0.0,0.0,0.0,0
2012-06-24-18,0.0,0.0,-0.0,0
2012-06-24-21,-307.31,0.0,222.29,0
2012-06-25-00,0.0,0.0,-0.0,0
2012-06-25-03,0.0,0.0,0.0,0
2012-06-25-06,0.0,0.0,-0.0,0
2012-06-25-09,0.0,0.0,0.0,0
2012-06-25-12,0.0,0.0,-0.0,0
2012-06-25-15,0.0,0.0,-0.0,0
2012-06-25-21,0.0,0.0,-0.0,0
2012-06-26-00,0.0,0.0,-0.0,0
2012-06-26-03,0.0,0.0,-0.0,0
2012-06-26-06,0.0,0.0,-0.0,0
2012-06-26-09,0.0,0.0,-0.0,0
2012-06-26-12,0.0,0.0,-0.0,0
2012-06-26-15,0.0,0.0,-0.0,0
2012-06-26-21,63.37,0.0,536.19,0
2012-06-27-00,0.0,0.0,0.0,0
2012-06-27-03,0.0,0.0,0.0,0
2012-06-27-06,0.0,0.0,-0.0,0
2012-06-27-09,0.0,0.0,-0.0,0
2012-06-27-12,0.0,0.0,0.0,0
2012-06-27-15,0.0,0.0,0.0,0
2012-06-27-18,0.0,0.0,-0.0,0
2012-06-27-21,0.0,0.0,0.0,0
2012-06-28-00,0.0,0.0,-0.0,0
2012-06-28-03,0.0,0.0,-0.0,0
2012-06-28-06,0.0,0.0,-0.0,0
2012-06-28-09,0.0,0.0,-0.0,0
2012-06-28-12,0.0,0.0,0.0,0
2012-06-28-15,0.0,0.0,0.0,0
2012-06-28-18,0.0,0.0,0.0,0
2012-06-28-21,0.0,0.0,-0.0,0
2012-06-29-00,0.0,0.0,0.0,1
2012-06-29-03,0.0,0.0,-0.0,0
2012-06-29-06,0.0,0.0,-0.0,0
2012-06-29-09,0.0,0.0,0.0,0
2012-06-29-12,0.0,0.0,0.0,0
2012-06-29-15,0.0,0.0,-0.0,0
2012-06-29-18,0.0,0.0,0.0,0
2012-06-29-21,117.3,0.0,840.19,0
2012-06-30-00,0.0,0.0,0.0,1
2012-06-30-03,0.0,0.0,-0.0,0
2012-06-30-06,0.0,0.0,0.0,0
2012-06-30-09,0.0,0.0,-0.0,0
2012-06-30-12,0.0,0.0,0.0,0
2012-06-30-15,0.0,0.0,0.0,0
2012-06-30-18,0.0,0.0,0.0,0
2012-06-30-21,0.0,0.0,-0.0,0
2012-07-01-00,0.0,0.0,-0.0,0
2012-07-01-03,0.0,0.0,-0.0,0
2012-07-01-06,0.0,0.0,-0.0,0
2012-07-01-09,0.0,0.0,0.0,0
2012-07-01-12,0.0,0.0,-0.0,0
2012-07-01-15,0.0,0.0,-0.0,0
2012-07-01-18,0.0,0.0,-0.0,0
2012-07-01-21,71.73,0.0,1188.1,0
2012-07-02-00,0.0,0.0,-0.0,0
2012-07-02-03,0.0,0.0,0.0,0
2012-07-02-06,0.0,0.0,-0.0,0
2012-07-02-09,0.0,0.0,-0.0,0
2012-07-02-12,0.0,0.0,0.0,0
2012-07-02-15,0.0,0.0,0.0,0
2012-07-02-18,0.0,0.0,0.0,0
2012-07-02-21,-4966.54,0.0,712.06,0
2012-07-03-00,0.0,0.0,-0.0,0
2012-07-03-03,0.0,0.0,-0.0,0
2012-07-03-06,0.0,0.0,-0.0,0
2012-07-03-09,0.0,0.0,-0.0,0
2012-07-03-12,0.0,0.0,-0.0,0
2012-07-03-15,0.0,0.0,0.0,0
2012-07-03-18,0.0,0.0,-0.0,0
2012-07-03-21,0.0,0.0,-0.0,0
2012-07-04-00,0.0,0.0,-0.0,0
2012-07-04-03,0.0,0.0,-0.0,0
2012-07-04-06,0.0,0.0,-0.0,0
2012-07-04-09,0.0,0.0,0.0,0
2012-07-04-12,0.0,0.0,0.0,0
2012-07-04-15,0.0,0.0,0.0,0
2012-07-04-21,0.0,0.0,-0.0,0
2012-07-05-00,0.0,0.0,-0.0,0
2012-07-05-03,0.0,0.0,-0.0,0
2012-07-05-06,0.0,0.0,-0.0,0
2012-07-05-09,0.0,0.0,0.0,0
2012-07-05-12,0.0,0.0,-0.0,0
2012-07-05-15,0.0,0.0,0.0,0
2012-07-05-18,0.0,0.0,-0.0,0
2012-07-05-21,0.0,0.0,0.0,0
2012-07-06-00,0.0,0.0,-0.0,0
2012-07-06-03,0.0,0.0,0.0,0
2012-07-06-06,0.0,0.0,-0.0,0
2012-07-06-09,0.0,0.0,0.0,0
2012-07-06-12,0.0,0.0,-0.0,0
2012-07-06-15,0.0,0.0,-0.0,0
2012-07-06-18,0.0,0.0,0.0,0
2012-07-06-21,0.0,0.0,-0.0,0
2012-07-07-00,0.0,0.0,0.0,0
2012-07-07-03,0.0,0.0,-0.0,0
2012-07-07-06,0.0,0.0,0.0,0
2012-07-07-09,0.0,0.0,-0.0,0
2012-07-07-12,0.0,0.0,-0.0,0
2012-07-07-15,0.0,0.0,-0.0,0
2012-07-07-18,0.0,0.0,-0.0,0
2012-07-07-21,-1524.86,0.0,539.73,0
2012-07-08-00,0.0,0.0,0.0,1
2012-07-08-03,0.0,0.0,-0.0,0
2012-07-08-06,0.0,0.0,-0.0,0
2012-07-08-09,0.0,0.0,-0.0,0
2012-07-08-12,0.0,0.0,-0.0,0
2012-07-08-15,0.0,0.0,-0.0,0
2012-07-08-18,0.0,0.0,-0.0,0
2012-07-08-21,0.0,0.0,-0.0,0
2012-07-09-00,0.0,0.0,-0.0,0
2012-07-09-03,0.0,0.0,0.0,0
2012-07-09-06,0.0,0.0,-0.0,0
2012-07-09-09,0.0,0.0,-0.0,0
2012-07-09-15,0.0,0.0,-0.0,0
2012-07-09-18,0.0,0.0,0.0,0
2012-07-09-21,0.0,0.0,0.0,0
2012-07-10-00,0.0,0.0,0.0,0
2012-07-10-03,0.0,0.0,-0.0,0
2012-07-10-06,0.0,0.0,-0.0,0
2012-07-10-09,0.0,0.0,-0.0,0
2012-07-10-12,0.0,0.0,-0.0,0
2012-07-10-15,0.0,0.0,0.0,0
2012-07-10-18,0.0,0.0,-0.0,0
2012-07-10-21,-7628.9,0.0,54.62,0
2012-07-11-00,0.0,0.0,0.0,0
2012-07-11-03,0.0,0.0,0.0,0
2012-07-11-06,0.0,0.0,-0.0,0
2012-07-11-09,0.0,0.0,0.0,0
2012-07-11-12,0.0,0.0,-0.0,0
2012-07-11-15,0.0,0.0,-0.0,0
2012-07-11-18,0.0,0.0,-0.0,0
2012-07-11-21,0.0,0.0,-0.0,0
2012-07-12-00,0.0,0.0,0.0,0
2012-07-12-03,0.0,0.0,-0.0,0
2012-07-12-06,950.57,0.0,4992.88,0
2012-07-12-09,0.0,0.0,0.0,0
2012-07-12-12,0.0,0.0,-0.0,0
2012-07-12-15,0.0,0.0,-0.0,0
2012-07-12-18,0.0,0.0,-0.0,0
2012-07-12-21,0.0,0.0,-0.0,0
2012-07-13-00,0.0,0.0,0.0,0
2012-07-13-03,0.0,0.0,-0.0,0
2012-07-13-06,0.0,0.0,-0.0,0
2012-07-13-09,0.0,0.0,-0.0,0
2012-07-13-12,0.0,0.0,-0.0,0
2012-07-13-15,0.0,0.0,0.0,0
2012-07-13-18,0.0,0.0,-0.0,0
2012-07-13-21,0.0,0.0,0.0,0
2012-07-14-00,0.0,0.0,0.0,0
2012-07-14-03,0.0,0.0,-0.0,0
2012-07-14-06,0.0,0.0,-0.0,0
2012-07-14-09,0.0,0.0,-0.0,0
2012-07-14-12,0.0,0.0,-0.0,0
2012-07-14-15,0.0,0.0,-0.0,0
2012-07-14-18,0.0,0.0,-0.0,0
2012-07-14-21,211.84,0.0,1335.91,0
2012-07-15-00,0.0,0.0,0.0,0
2012-07-15-03,0.0,0.0,0.0,0
2012-07-15-06,1228.78,0.0,6655.65,0
2012-07-15-09,0.0,0.0,0.0,0
2012-07-15-12,0.0,0.0,-0.0,0
2012-07-15-15,0.0,0.0,0.0,0
2012-07-15-18,0.0,0.0,0.0,0
2012-07-15-21,0.0,0.0,-0.0,0
2012-07-16-00,0.0,0.0,0.0,1
2012-07-16-06,0.0,0.0,0.0,0
2012-07-16-09,0.0,0.0,0.0,0
2012-07-16-12,0.0,0.0,-0.0,0
2012-07-16-15,0.0,0.0,-0.0,0
2012-07-16-21,0.0,0.0,-0.0,0
2012-07-17-00,0.0,0.0,0.0,1
2012-07-17-03,0.0,0.0,-0.0,0
2012-07-17-06,0.0,0.0,-0.0,0
2012-07-17-09,0.0,0.0,-0.0,0
2012-07-17-12,0.0,0.0,0.0,0
2012-07-17-15,0.0,0.0,0.0,0
2012-07-17-18,0.0,0.0,-0.0,0
2012-07-17-21,0.0,0.0,-0.0,0
2012-07-18-00,0.0,0.0,0.0,1
2012-07-18-03,0.0,0.0,-0.0,0
2012-07-18-06,0.0,0.0,-0.0,0
2012-07-18-09,0.0,0.0,0.0,0
2012-07-18-12,0.0,0.0,-0.0,0
2012-07-18-15,0.0,0.0,-0.0,0
2012-07-18-18,0.0,0.0,-0.0,0
2012-07-18-21,0.0,0.0,-0.0,0
2012-07-19-00,0.0,0.0,-0.0,0
2012-07-19-03,0.0,0.0,-0.0,0
2012-07-19-06,0.0,0.0,-0.0,0
2012-07-19-09,0.0,0.0,0.0,0
2012-07-19-12,0.0,0.0,-0.0,0
2012-07-19-15,0.0,0.0,-0.0,0
2012-07-19-18,0.0,0.0,0.0,0
2012-07-19-21,0.0,0.0,-0.0,0
2012-07-20-00,0.0,0.0,0.0,0
2012-07-20-03,0.0,0.0,-0.0,0
2012-07-20-06,0.0,0.0,0.0,0
2012-07-20-09,0.0,0.0,-0.0,0
2012-07-20-12,0.0,0.0,-0.0,0
2012-07-20-15,0.0,0.0,-0.0,0
2012-07-20-18,0.0,0.0,0.0,0
2012-07-20-21,0.0,0.0,-0.0,0
2012-07-21-00,0.0,0.0,-0.0,0
2012-07-21-03,0.0,0.0,0.0,0
2012-07-21-06,0.0,0.0,-0.0,0
2012-07-21-09,0.0,0.0,-0.0,0
2012-07-21-12,0.0,0.0,-0.0,0
2012-07-21-15,0.0,0.0,0.0,0
2012-07-21-18,0.0,0.0,-0.0,0
2012-07-21-21,0.0,0.0,-0.0,0
2012-07-22-00,0.0,0.0,-0.0,0
2012-07-22-03,0.0,0.0,-0.0,0
2012-07-22-06,0.0,0.0,-0.0,0
2012-07-22-09,0.0,0.0,0.0,0
2012-07-22-12,0.0,0.0,0.0,0
2012-07-22-15,0.0,0.0,0.0,0
2012-07-22-18,0.0,0.0,-0.0,0
2012-07-22-21,-80.76,-29.22,1137.29,0
2012-07-23-00,0.0,0.0,0.0,1
2012-07-23-03,0.0,0.0,-0.0,0
2012-07-23-06,0.0,0.0,-0.0,0
2012-07-23-09,0.0,0.0,0.0,0
2012-07-23-12,0.0,0.0,0.0,0
2012-07-23-15,0.0,0.0,0.0,0
2012-07-23-18,0.0,0.0,-0.0,0
2012-07-23-21,0.0,0.0,0.0,0
2012-07-24-00,0.0,0.0,0.0,1
2012-07-24-03,0.0,0.0,0.0,0
2012-07-24-06,0.0,0.0,-0.0,0
2012-07-24-09,0.0,0.0,0.0,0
2012-07-24-12,0.0,0.0,0.0,0
2012-07-24-15,0.0,0.0,0.0,0
2012-07-24-18,0.0,0.0,-0.0,0
2012-07-24-21,-1502.32,0.0,645.75,0
2012-07-25-00,0.0,0.0,0.0,1
2012-07-25-03,0.0,0.0,-0.0,0
2012-07-25-06,0.0,0.0,0.0,0
2012-07-25-09,0.0,0.0,0.0,0
2012-07-25-12,0.0,0.0,-0.0,0
2012-07-25-15,0.0,0.0,0.0,0
2012-07-25-18,-2316.21,0.0,1037.31,0
2012-07-25-21,-994.86,0.0,695.91,0
2012-07-26-00,0.0,0.0,-0.0,0
2012-07-26-03,0.0,0.0,-0.0,0
2012-07-26-06,0.0,0.0,-0.0,0
2012-07-26-09,0.0,0.0,0.0,0
2012-07-26-12,0.0,0.0,-0.0,0
2012-07-26-15,0.0,0.0,-0.0,0
2012-07-26-18,0.0,0.0,0.0,0
2012-07-26-21,-1898.92,0.0,108.84,0
2012-07-27-00,0.0,0.0,-0.0,0
2012-07-27-03,0.0,0.0,-0.0,0
2012-07-27-06,0.0,0.0,-0.0,0
2012-07-27-09,0.0,0.0,-0.0,0
2012-07-27-12,0.0,0.0,-0.0,0
2012-07-27-15,0.0,0.0,0.0,0
2012-07-27-18,0.0,0.0,-0.0,0
2012-07-27-21,0.0,0.0,-0.0,0
2012-07-28-03,0.0,0.0,-0.0,0
2012-07-28-06,0.0,0.0,-0.0,0
2012-07-28-09,0.0,0.0,-0.0,0
2012-07-28-12,0.0,0.0,0.0,0
2012-07-28-15,0.0,0.0,0.0,0
2012-07-28-18,0.0,0.0,-0.0,0
2012-07-28-21,-3346.32,-179.18,105.14,0
2012-07-29-00,0.0,0.0,-0.0,0
2012-07-29-03,0.0,0.0,-0.0,0
2012-07-29-06,0.0,0.0,0.0,0
2012-07-29-09,0.0,0.0,-0.0,0
2012-07-29-12,0.0,0.0,-0.0,0
2012-07-29-15,0.0,0.0,0.0,0
2012-07-29-18,0.0,0.0,-0.0,0
2012-07-29-21,18.51,0.0,185.05,0
2012-07-30-00,0.0,0.0,-0.0,0
2012-07-30-03,0.0,0.0,-0.0,0
2012-07-30-06,0.0,0.0,0.0,0
2012-07-30-09,0.0,0.0,0.0,0
2012-07-30-12,0.0,0.0,-0.0,0
2012-07-30-15,0.0,0.0,0.0,0
2012-07-30-18,0.0,0.0,-0.0,0
2012-07-30-21,-3689.73,-126.28,398.37,0
2012-07-31-03,0.0,0.0,-0.0,0
2012-07-31-06,0.0,0.0,-0.0,0
2012-07-31-09,0.0,0.0,-0.0,0
2012-07-31-12,0.0,0.0,-0.0,0
2012-07-31-15,0.0,0.0,-0.0,0
2012-07-31-18,0.0,0.0,-0.0,0
2012-07-31-21,0.0,0.0,0.0,0
2012-08-01-03,0.0,0.0,-0.0,0
2012-08-01-06,0.0,0.0,-0.0,0
2012-08-01-09,0.0,0.0,-0.0,0
2012-08-01-12,0.0,0.0,-0.0,0
2012-08-01-15,0.0,0.0,0.0,0
2012-08-01-18,0.0,0.0,0.0,0
2012-08-01-21,0.0,0.0,-0.0,0
2012-08-02-00,0.0,0.0,0.0,1
2012-08-02-03,0.0,0.0,-0.0,0
2012-08-02-06,0.0,0.0,-0.0,0
2012-08-02-09,0.0,0.0,0.0,0
2012-08-02-12,0.0,0.0,-0.0,0
2012-08-02-15,0.0,0.0,0.0,0
2012-08-02-18,0.0,0.0,-0.0,0
2012-08-02-21,0.0,0.0,0.0,0
2012-08-03-00,0.0,0.0,-0.0,0
2012-08-03-03,0.0,0.0,0.0,0
2012-08-03-06,0.0,0.0,-0.0,0
2012-08-03-09,400.42,0.0,4004.17,0
2012-08-03-12,0.0,0.0,-0.0,0
2012-08-03-15,0.0,0.0,0.0,0
2012-08-03-18,0.0,0.0,0.0,0
2012-08-03-21,0.0,0.0,-0.0,0
2012-08-04-00,0.0,0.0,0.0,0
2012-08-04-03,0.0,0.0,-0.0,0
2012-08-04-06,0.0,0.0,-0.0,0
2012-08-04-09,0.0,0.0,-0.0,0
2012-08-04-12,0.0,0.0,0.0,0
2012-08-04-15,0.0,0.0,0.0,0
2012-08-04-18,0.0,0.0,-0.0,0
2012-08-04-21,0.0,0.0,-0.0,0
2012-08-05-00,0.0,0.0,-0.0,0
2012-08-05-03,0.0,0.0,0.0,0
2012-08-05-06,0.0,0.0,-0.0,0
2012-08-05-09,0.0,0.0,0.0,0
2012-08-05-12,0.0,0.0,0.0,0
2012-08-05-15,0.0,0.0,0.0,0
2012-08-05-18,0.0,0.0,0.0,0
2012-08-05-21,-42.52,0.0,310.54,0
2012-08-06-00,0.0,0.0,-0.0,0
2012-08-06-03,0.0,0.0,-0.0,0
2012-08-06-06,0.0,0.0,-0.0,0
2012-08-06-09,0.0,0.0,-0.0,0
2012-08-06-12,0.0,0.0,0.0,0
2012-08-06-15,0.0,0.0,0.0,0
2012-08-06-18,0.0,0.0,0.0,0
2012-08-06-21,0.0,0.0,-0.0,0
2012-08-07-00,0.0,0.0,-0.0,0
2012-08-07-03,0.0,0.0,-0.0,0
2012-08-07-06,0.0,0.0,-0.0,0
2012-08-07-09,0.0,0.0,-0.0,0
2012-08-07-12,0.0,0.0,-0.0,0
2012-08-07-15,0.0,0.0,0.0,0
2012-08-07-18,0.0,0.0,-0.0,0
2012-08-07-21,-1626.0,-113.96,10.86,0
2012-08-08-00,0.0,0.0,0.0,1
2012-08-08-03,0.0,0.0,0.0,0
2012-08-08-06,0.0,0.0,0.0,0
2012-08-08-09,0.0,0.0,-0.0,0
2012-08-08-12,0.0,0.0,0.0,0
2012-08-08-15,0.0,0.0,0.0,0
2012-08-08-18,0.0,0.0,-0.0,0
2012-08-08-21,0.0,0.0,0.0,0
2012-08-09-03,0.0,0.0,-0.0,0
2012-08-09-06,0.0,0.0,0.0,0
2012-08-09-09,0.0,0.0,0.0,0
2012-08-09-12,0.0,0.0,-0.0,0
2012-08-09-15,0.0,0.0,0.0,0
2012-08-09-18,0.0,0.0,-0.0,0
2012-08-09-21,-22.02,0.0,145.3,0
2012-08-10-00,0.0,0.0,-0.0,0
2012-08-10-03,0.0,0.0,-0.0,0
2012-08-10-06,0.0,0.0,-0.0,0
2012-08-10-09,0.0,0.0,0.0,0
2012-08-10-12,0.0,0.0,-0.0,0
2012-08-10-15,0.0,0.0,-0.0,0
2012-08-10-18,0.0,0.0,-0.0,0
2012-08-10-21,0.0,0.0,-0.0,0
2012-08-11-00,0.0,0.0,-0.0,0
2012-08-11-03,0.0,0.0,-0.0,0
2012-08-11-06,0.0,0.0,-0.0,0
2012-08-11-09,0.0,0.0,-0.0,0
2012-08-11-12,0.0,0.0,-0.0,0
2012-08-11-15,0.0,0.0,-0.0,0
2012-08-11-18,0.0,0.0,-0.0,0
2012-08-11-21,-6.5,0.0,134.72,0
2012-08-12-00,0.0,0.0,-0.0,0
2012-08-12-03,0.0,0.0,-0.0,0
2012-08-12-06,0.0,0.0,-0.0,0
2012-08-12-09,0.0,0.0,0.0,0
2012-08-12-12,0.0,0.0,0.0,0
2012-08-12-15,0.0,0.0,-0.0,0
2012-08-12-18,0.0,0.0,-0.0,0
2012-08-12-21,0.0,0.0,-0.0,0
2012-08-13-00,0.0,0.0,-0.0,0
2012-08-13-03,0.0,0.0,-0.0,0
2012-08-13-06,0.0,0.0,-0.0,0
2012-08-13-09,0.0,0.0,-0.0,0
2012-08-13-12,0.0,0.0,-0.0,0
2012-08-13-15,0.0,0.0,-0.0,0
2012-08-13-18,0.0,0.0,-0.0,0
2012-08-13-21,-3386.11,0.0,160.92,0
2012-08-14-00,0.0,0.0,-0.0,0
2012-08-14-03,0.0,0.0,-0.0,0
2012-08-14-06,0.0,0.0,-0.0,0
2012-08-14-09,0.0,0.0,0.0,0
2012-08-14-12,0.0,0.0,-0.0,0
2012-08-14-15,0.0,0.0,0.0,0
2012-08-14-18,0.0,0.0,-0.0,0
2012-08-14-21,0.0,0.0,-0.0,0
2012-08-15-00,0.0,0.0,-0.0,0
2012-08-15-03,0.0,0.0,-0.0,0
2012-08-15-06,0.0,0.0,0.0,0
2012-08-15-09,0.0,0.0,0.0,0
2012-08-15-12,0.0,0.0,-0.0,0
2012-08-15-15,0.0,0.0,-0.0,0
2012-08-15-18,0.0,0.0,-0.0,0
2012-08-15-21,0.0,0.0,-0.0,0
2012-08-16-00,0.0,0.0,0.0,1
2012-08-16-03,0.0,0.0,-0.0,0
2012-08-16-06,0.0,0.0,-0.0,0
2012-08-16-09,0.0,0.0,-0.0,0
2012-08-16-12,0.0,0.0,0.0,0
2012-08-16-15,0.0,0.0,0.0,0
2012-08-16-18,0.0,0.0,0.0,0
2012-08-16-21,-621.26,0.0,48.86,0
2012-08-17-00,0.0,0.0,0.0,1
2012-08-17-03,0.0,0.0,-0.0,0
2012-08-17-06,0.0,0.0,0.0,0
2012-08-17-09,0.0,0.0,0.0,0
2012-08-17-12,0.0,0.0,-0.0,0
2012-08-17-15,0.0,0.0,0.0,0
2012-08-17-18,0.0,0.0,-0.0,0
2012-08-17-21,-6107.4,-332.17,359.43,0
2012-08-18-00,0.0,0.0,-0.0,0
2012-08-18-03,0.0,0.0,-0.0,0
2012-08-18-06,0.0,0.0,0.0,0
2012-08-18-09,0.0,0.0,0.0,0
2012-08-18-12,0.0,0.0,-0.0,0
2012-08-18-15,0.0,0.0,-0.0,0
2012-08-18-18,0.0,0.0,-0.0,0
2012-08-18-21,-153.28,0.0,368.16,0
2012-08-19-00,0.0,0.0,-0.0,0
2012-08-19-03,0.0,0.0,-0.0,0
2012-08-19-06,0.0,0.0,0.0,0
2012-08-19-09,0.0,0.0,-0.0,0
2012-08-19-12,0.0,0.0,0.0,0
2012-08-19-15,0.0,0.0,0.0,0
2012-08-19-18,0.0,0.0,0.0,0
2012-08-19-21,-1013.22,0.0,355.69,0
2012-08-20-00,0.0,0.0,-0.0,0
2012-08-20-03,0.0,0.0,-0.0,0
2012-08-20-06,0.0,0.0,0.0,0
2012-08-20-09,0.0,0.0,0.0,0
2012-08-20-12,0.0,0.0,0.0,0
2012-08-20-15,0.0,0.0,-0.0,0
2012-08-20-18,0.0,0.0,-0.0,0
2012-08-20-21,-35.82,0.0,-0.0,0
2012-08-21-00,0.0,0.0,-0.0,0
2012-08-21-03,0.0,0.0,0.0,0
2012-08-21-06,0.0,0.0,-0.0,0
2012-08-21-09,0.0,0.0,-0.0,0
2012-08-21-12,0.0,0.0,0.0,0
2012-08-21-15,0.0,0.0,-0.0,0
2012-08-21-18,0.0,0.0,-0.0,0
2012-08-21-21,0.0,0.0,-0.0,0
2012-08-22-00,0.0,0.0,-0.0,0
2012-08-22-03,0.0,0.0,-0.0,0
2012-08-22-06,0.0,0.0,-0.0,0
2012-08-22-09,0.0,0.0,0.0,0
2012-08-22-12,0.0,0.0,-0.0,0
2012-08-22-15,0.0,0.0,0.0,0
2012-08-22-18,0.0,0.0,-0.0,0
2012-08-22-21,0.0,0.0,-0.0,0
2012-08-23-00,0.0,0.0,-0.0,0
2012-08-23-03,0.0,0.0,-0.0,0
2012-08-23-06,0.0,0.0,-0.0,0
2012-08-23-09,0.0,0.0,0.0,0
2012-08-23-12,0.0,0.0,-0.0,0
2012-08-23-15,0.0,0.0,0.0,0
2012-08-23-18,0.0,0.0,0.0,0
2012-08-23-21,0.0,0.0,-0.0,0
2012-08-24-00,0.0,0.0,0.0,1
2012-08-24-03,0.0,0.0,-0.0,0
2012-08-24-06,0.0,0.0,-0.0,0
2012-08-24-09,0.0,0.0,-0.0,0
2012-08-24-12,0.0,0.0,-0.0,0
2012-08-24-15,0.0,0.0,0.0,0
2012-08-24-18,0.0,0.0,-0.0,0
2012-08-24-21,0.0,0.0,-0.0,0
2012-08-25-00,0.0,0.0,0.0,1
2012-08-25-03,0.0,0.0,0.0,0
2012-08-25-06,0.0,0.0,-0.0,0
2012-08-25-09,0.0,0.0,-0.0,0
2012-08-25-12,0.0,0.0,0.0,0
2012-08-25-15,0.0,0.0,0.0,0
2012-08-25-18,0.0,0.0,-0.0,0
2012-08-25-21,0.0,0.0,0.0,0
2012-08-26-00,0.0,0.0,-0.0,0
2012-08-26-03,0.0,0.0,-0.0,0
2012-08-26-06,0.0,0.0,-0.0,0
2012-08-26-09,0.0,0.0,-0.0,0
2012-08-26-12,0.0,0.0,0.0,0
2012-08-26-15,0.0,0.0,-0.0,0
2012-08-26-18,0.0,0.0,0.0,0
2012-08-26-21,0.0,0.0,-0.0,0
2012-08-27-00,0.0,0.0,-0.0,0
2012-08-27-03,0.0,0.0,-0.0,0
2012-08-27-06,0.0,0.0,-0.0,0
2012-08-27-09,0.0,0.0,-0.0,0
2012-08-27-12,0.0,0.0,0.0,0
2012-08-27-15,0.0,0.0,-0.0,0
2012-08-27-18,0.0,0.0,-0.0,0
2012-08-27-21,0.0,0.0,-0.0,0
2012-08-28-00,0.0,0.0,-0.0,0
2012-08-28-03,0.0,0.0,-0.0,0
2012-08-28-06,0.0,0.0,0.0,0
2012-08-28-09,0.0,0.0,-0.0,0
2012-08-28-12,0.0,0.0,-0.0,0
2012-08-28-15,0.0,0.0,-0.0,0
2012-08-28-18,0.0,0.0,0.0,0
2012-08-28-21,-703.26,0.0,1494.56,0
2012-08-29-00,0.0,0.0,-0.0,0
2012-08-29-03,0.0,0.0,-0.0,0
2012-08-29-06,0.0,0.0,0.0,0
2012-08-29-09,0.0,0.0,0.0,0
2012-08-29-12,0.0,0.0,-0.0,0
2012-08-29-15,0.0,0.0,0.0,0
2012-08-29-18,0.0,0.0,0.0,0
2012-08-29-21,0.0,0.0,-0.0,0
2012-08-30-00,0.0,0.0,-0.0,0
2012-08-30-03,0.0,0.0,-0.0,0
2012-08-30-06,0.0,0.0,0.0,0
2012-08-30-09,0.0,0.0,0.0,0
2012-08-30-12,0.0,0.0,-0.0,0
2012-08-30-15,0.0,0.0,-0.0,0
2012-08-30-18,0.0,0.0,-0.0,0
2012-08-30-21,40.65,0.0,602.15,0
2012-08-31-00,0.0,0.0,-0.0,0
2012-08-31-03,0.0,0.0,-0.0,0
2012-08-31-06,0.0,0.0,-0.0,0
2012-08-31-09,0.0,0.0,0.0,0
2012-08-31-12,0.0,0.0,0.0,0
2012-08-31-15,0.0,0.0,0.0,0
2012-08-31-18,0.0,0.0,0.0,0
2012-08-31-21,0.0,0.0,-0.0,0
2012-09-01-00,0.0,0.0,0.0,1
2012-09-01-03,0.0,0.0,-0.0,0
2012-09-01-06,0.0,0.0,-0.0,0
2012-09-01-09,0.0,0.0,0.0,0
2012-09-01-12,0.0,0.0,-0.0,0
2012-09-01-15,0.0,0.0,0.0,0
2012-09-01-18,0.0,0.0,0.0,0
2012-09-01-21,0.0,0.0,0.0,0
2012-09-02-00,0.0,0.0,0.0,1
2012-09-02-03,0.0,0.0,0.0,0
2012-09-02-06,1362.86,0.0,7489.01,0
2012-09-02-09,0.0,0.0,0.0,0
2012-09-02-12,0.0,0.0,-0.0,0
2012-09-02-15,0.0,0.0,0.0,0
2012-09-02-18,0.0,0.0,0.0,0
2012-09-02-21,0.0,0.0,-0.0,0
2012-09-03-00,0.0,0.0,-0.0,0
2012-09-03-03,0.0,0.0,0.0,0
2012-09-03-06,2394.9,527.6,6332.98,0
2012-09-03-09,358.49,0.0,3584.87,0
2012-09-03-12,0.0,0.0,-0.0,0
2012-09-03-15,0.0,0.0,0.0,0
2012-09-03-18,0.0,0.0,0.0,0
2012-09-03-21,0.0,0.0,0.0,0
2012-09-04-00,0.0,0.0,-0.0,0
2012-09-04-03,0.0,0.0,-0.0,0
2012-09-04-06,722.63,0.0,7226.25,0
2012-09-04-09,0.0,0.0,0.0,0
2012-09-04-12,0.0,0.0,0.0,0
2012-09-04-15,0.0,0.0,0.0,0
2012-09-04-18,0.0,0.0,-0.0,0
2012-09-04-21,-3195.25,-586.27,301.29,0
2012-09-05-00,0.0,0.0,0.0,0
2012-09-05-03,0.0,0.0,-0.0,0
2012-09-05-06,0.0,0.0,0.0,0
2012-09-05-09,0.0,0.0,-0.0,0
2012-09-05-12,0.0,0.0,-0.0,0
2012-09-05-15,0.0,0.0,0.0,0
2012-09-05-21,83.09,0.0,636.25,0
2012-09-06-00,0.0,0.0,-0.0,0
2012-09-06-03,0.0,0.0,-0.0,0
2012-09-06-06,0.0,0.0,-0.0,0
2012-09-06-09,0.0,0.0,0.0,0
2012-09-06-12,0.0,0.0,-0.0,0
2012-09-06-15,0.0,0.0,-0.0,0
2012-09-06-18,0.0,0.0,-0.0,0
2012-09-06-21,0.0,0.0,-0.0,0
2012-09-07-00,0.0,0.0,0.0,0
2012-09-07-03,0.0,0.0,-0.0,0
2012-09-07-06,829.74,0.0,8297.43,0
2012-09-07-09,0.0,0.0,-0.0,0
2012-09-07-12,0.0,0.0,-0.0,0
2012-09-07-15,0.0,0.0,0.0,0
2012-09-07-18,0.0,0.0,-0.0,0
2012-09-07-21,-1405.36,0.0,238.73,0
2012-09-08-00,0.0,0.0,0.0,0
2012-09-08-03,0.0,0.0,-0.0,0
2012-09-08-06,0.0,0.0,0.0,0
2012-09-08-09,1065.88,0.0,5403.29,0
2012-09-08-12,0.0,0.0,0.0,0
2012-09-08-15,0.0,0.0,0.0,0
2012-09-08-18,0.0,0.0,-0.0,0
2012-09-08-21,-125.95,0.0,545.44,0
2012-09-09-03,0.0,0.0,0.0,0
2012-09-09-06,0.0,0.0,0.0,0
2012-09-09-09,0.0,0.0,-0.0,0
2012-09-09-12,0.0,0.0,-0.0,0
2012-09-09-15,0.0,0.0,0.0,0
2012-09-09-18,0.0,0.0,0.0,0
2012-09-09-21,0.0,0.0,-0.0,0
2012-09-10-00,0.0,0.0,0.0,0
2012-09-10-03,0.0,0.0,-0.0,0
2012-09-10-06,0.0,0.0,0.0,0
2012-09-10-09,0.0,0.0,0.0,0
2012-09-10-12,0.0,0.0,0.0,0
2012-09-10-15,0.0,0.0,0.0,0
2012-09-10-18,0.0,0.0,-0.0,0
2012-09-10-21,0.0,0.0,-0.0,0
2012-09-11-00,0.0,0.0,0.0,0
2012-09-11-03,0.0,0.0,-0.0,0
2012-09-11-06,0.0,0.0,-0.0,0
2012-09-11-09,0.0,0.0,-0.0,0
2012-09-11-12,0.0,0.0,-0.0,0
2012-09-11-15,0.0,0.0,-0.0,0
2012-09-11-18,0.0,0.0,-0.0,0
2012-09-11-21,0.0,0.0,-0.0,0
2012-09-12-00,0.0,0.0,0.0,0
2012-09-12-03,0.0,0.0,-0.0,0
2012-09-12-06,0.0,0.0,-0.0,0
2012-09-12-09,0.0,0.0,0.0,0
2012-09-12-12,0.0,0.0,-0.0,0
2012-09-12-15,0.0,0.0,-0.0,0
2012-09-12-18,0.0,0.0,-0.0,0
2012-09-12-21,0.0,0.0,-0.0,0
2012-09-13-00,0.0,0.0,-0.0,0
2012-09-13-03,0.0,0.0,-0.0,0
2012-09-13-06,0.0,0.0,-0.0,0
2012-09-13-09,0.0,0.0,-0.0,0
2012-09-13-12,0.0,0.0,-0.0,0
2012-09-13-15,0.0,0.0,-0.0,0
2012-09-13-18,0.0,0.0,-0.0,0
2012-09-13-21,0.0,0.0,-0.0,0
2012-09-14-00,0.0,0.0,0.0,0
2012-09-14-03,0.0,0.0,0.0,0
2012-09-14-06,0.0,0.0,-0.0,0
2012-09-14-09,0.0,0.0,0.0,0
2012-09-14-12,0.0,0.0,0.0,0
2012-09-14-15,0.0,0.0,0.0,0
2012-09-14-18,0.0,0.0,-0.0,0
2012-09-14-21,0.0,0.0,-0.0,0
2012-09-15-00,0.0,0.0,-0.0,0
2012-09-15-03,0.0,0.0,-0.0,0
2012-09-15-06,0.0,0.0,-0.0,0
2012-09-15-09,0.0,0.0,-0.0,0
2012-09-15-12,0.0,0.0,-0.0,0
2012-09-15-15,0.0,0.0,0.0,0
2012-09-15-18,0.0,0.0,-0.0,0
2012-09-15-21,0.0,0.0,0.0,0
2012-09-16-00,0.0,0.0,0.0,1
2012-09-16-03,0.0,0.0,-0.0,0
2012-09-16-06,0.0,0.0,0.0,0
2012-09-16-09,0.0,0.0,0.0,0
2012-09-16-12,0.0,0.0,0.0,0
2012-09-16-15,0.0,0.0,0.0,0
2012-09-16-18,0.0,0.0,-0.0,0
2012-09-16-21,0.0,0.0,0.0,0
2012-09-17-00,0.0,0.0,0.0,1
2012-09-17-03,0.0,0.0,-0.0,0
2012-09-17-06,0.0,0.0,-0.0,0
2012-09-17-09,0.0,0.0,0.0,0
2012-09-17-12,0.0,0.0,0.0,0
2012-09-17-15,0.0,0.0,0.0,0
2012-09-17-18,0.0,0.0,-0.0,0
2012-09-17-21,0.0,0.0,-0.0,0
2012-09-18-00,0.0,0.0,-0.0,0
2012-09-18-03,0.0,0.0,-0.0,0
2012-09-18-06,0.0,0.0,0.0,0
2012-09-18-09,935.69,0.0,3967.6,0
2012-09-18-12,0.0,0.0,-0.0,0
2012-09-18-15,0.0,0.0,0.0,0
2012-09-18-18,0.0,0.0,0.0,0
2012-09-18-21,0.0,0.0,-0.0,0
2012-09-19-00,0.0,0.0,-0.0,0
2012-09-19-03,0.0,0.0,-0.0,0
2012-09-19-06,0.0,0.0,-0.0,0
2012-09-19-09,0.0,0.0,-0.0,0
2012-09-19-12,0.0,0.0,0.0,0
2012-09-19-15,0.0,0.0,0.0,0
2012-09-19-18,0.0,0.0,0.0,0
2012-09-19-21,0.0,0.0,-0.0,0
2012-09-20-00,0.0,0.0,-0.0,0
2012-09-20-03,0.0,0.0,-0.0,0
2012-09-20-06,0.0,0.0,-0.0,0
2012-09-20-09,0.0,0.0,-0.0,0
2012-09-20-12,0.0,0.0,-0.0,0
2012-09-20-15,0.0,0.0,-0.0,0
2012-09-20-18,0.0,0.0,-0.0,0
2012-09-20-21,0.0,0.0,0.0,0
2012-09-21-00,0.0,0.0,-0.0,0
2012-09-21-03,0.0,0.0,-0.0,0
2012-09-21-06,0.0,0.0,0.0,0
2012-09-21-09,0.0,0.0,-0.0,0
2012-09-21-12,0.0,0.0,0.0,0
2012-09-21-15,0.0,0.0,-0.0,0
2012-09-21-18,0.0,0.0,-0.0,0
2012-09-21-21,-39.71,0.0,626.68,0
2012-09-22-00,0.0,0.0,0.0,0
2012-09-22-03,0.0,0.0,0.0,0
2012-09-22-06,0.0,0.0,-0.0,0
2012-09-22-09,0.0,0.0,0.0,0
2012-09-22-12,0.0,0.0,0.0,0
2012-09-22-15,0.0,0.0,-0.0,0
2012-09-22-18,0.0,0.0,-0.0,0
2012-09-22-21,0.0,0.0,-0.0,0
2012-09-23-00,0.0,0.0,-0.0,0
2012-09-23-03,0.0,0.0,-0.0,0
2012-09-23-06,0.0,0.0,-0.0,0
2012-09-23-09,0.0,0.0,0.0,0
2012-09-23-12,0.0,0.0,-0.0,0
2012-09-23-15,0.0,0.0,-0.0,0
2012-09-23-18,0.0,0.0,-0.0,0
2012-09-23-21,2.96,0.0,29.55,0
2012-09-24-00,0.0,0.0,0.0,1
2012-09-24-03,0.0,0.0,-0.0,0
2012-09-24-06,0.0,0.0,0.0,0
2012-09-24-09,0.0,0.0,0.0,0
2012-09-24-12,0.0,0.0,-0.0,0
2012-09-24-15,0.0,0.0,0.0,0
2012-09-24-18,0.0,0.0,-0.0,0
2012-09-24-21,0.0,0.0,-0.0,0
2012-09-25-03,0.0,0.0,0.0,0
2012-09-25-06,0.0,0.0,-0.0,0
2012-09-25-09,0.0,0.0,0.0,0
2012-09-25-12,0.0,0.0,-0.0,0
2012-09-25-15,0.0,0.0,-0.0,0
2012-09-25-18,0.0,0.0,0.0,0
2012-09-25-21,0.0,0.0,-0.0,0
2012-09-26-00,0.0,0.0,-0.0,0
2012-09-26-03,0.0,0.0,-0.0,0
2012-09-26-06,0.0,0.0,-0.0,0
2012-09-26-09,0.0,0.0,-0.0,0
2012-09-26-12,0.0,0.0,0.0,0
2012-09-26-15,0.0,0.0,-0.0,0
2012-09-26-18,0.0,0.0,-0.0,0
2012-09-26-21,0.0,0.0,0.0,0
2012-09-27-00,0.0,0.0,-0.0,0
2012-09-27-03,0.0,0.0,-0.0,0
2012-09-27-06,0.0,0.0,-0.0,0
2012-09-27-09,0.0,0.0,0.0,0
2012-09-27-12,0.0,0.0,-0.0,0
2012-09-27-15,0.0,0.0,-0.0,0
2012-09-27-18,0.0,0.0,-0.0,0
2012-09-27-21,28.56,0.0,206.87,0
2012-09-28-00,0.0,0.0,0.0,0
2012-09-28-03,0.0,0.0,-0.0,0
2012-09-28-06,0.0,0.0,-0.0,0
2012-09-28-09,0.0,0.0,-0.0,0
2012-09-28-12,0.0,0.0,-0.0,0
2012-09-28-15,0.0,0.0,-0.0,0
2012-09-28-18,0.0,0.0,-0.0,0
2012-09-28-21,0.0,0.0,-0.0,0
2012-09-29-00,0.0,0.0,-0.0,0
2012-09-29-03,0.0,0.0,-0.0,0
2012-09-29-06,0.0,0.0,-0.0,0
2012-09-29-09,0.0,0.0,-0.0,0
2012-09-29-12,0.0,0.0,-0.0,0
2012-09-29-15,0.0,0.0,0.0,0
2012-09-29-18,0.0,0.0,-0.0,0
2012-09-29-21,0.0,0.0,-0.0,0
2012-09-30-00,0.0,0.0,-0.0,0
2012-09-30-03,0.0,0.0,-0.0,0
2012-09-30-06,0.0,0.0,0.0,0
2012-09-30-09,0.0,0.0,0.0,0
2012-09-30-12,0.0,0.0,-0.0,0
2012-09-30-15,0.0,0.0,0.0,0
2012-09-30-18,0.0,0.0,0.0,0
2012-09-30-21,0.0,0.0,0.0,0
2012-10-01-00,0.0,0.0,-0.0,0
2012-10-01-03,0.0,0.0,-0.0,0
2012-10-01-06,0.0,0.0,0.0,0
2012-10-01-09,0.0,0.0,0.0,0
2012-10-01-12,0.0,0.0,-0.0,0
2012-10-01-15,0.0,0.0,0.0,0
2012-10-01-18,0.0,0.0,-0.0,0
2012-10-01-21,0.0,0.0,-0.0,0
2012-10-02-03,0.0,0.0,-0.0,0
2012-10-02-06,0.0,0.0,0.0,0
2012-10-02-09,0.0,0.0,-0.0,0
2012-10-02-12,0.0,0.0,-0.0,0
2012-10-02-15,0.0,0.0,0.0,0
2012-10-02-18,0.0,0.0,-0.0,0
2012-10-02-21,0.0,0.0,-0.0,0
2012-10-03-00,0.0,0.0,0.0,1
2012-10-03-03,0.0,0.0,-0.0,0
2012-10-03-06,0.0,0.0,-0.0,0
2012-10-03-09,0.0,0.0,0.0,0
2012-10-03-12,0.0,0.0,0.0,0
2012-10-03-15,0.0,0.0,-0.0,0
2012-10-03-18,0.0,0.0,-0.0,0
2012-10-03-21,0.0,0.0,0.0,0
2012-10-04-00,0.0,0.0,-0.0,0
2012-10-04-03,0.0,0.0,-0.0,0
2012-10-04-06,0.0,0.0,-0.0,0
2012-10-04-09,0.0,0.0,0.0,0
2012-10-04-12,0.0,0.0,-0.0,0
2012-10-04-15,0.0,0.0,-0.0,0
2012-10-04-18,0.0,0.0,-0.0,0
2012-10-04-21,0.0,0.0,0.0,0
2012-10-05-00,0.0,0.0,-0.0,0
2012-10-05-03,0.0,0.0,-0.0,0
2012-10-05-06,0.0,0.0,-0.0,0
2012-10-05-09,0.0,0.0,-0.0,0
2012-10-05-12,0.0,0.0,-0.0,0
2012-10-05-15,0.0,0.0,-0.0,0
2012-10-05-18,0.0,0.0,-0.0,0
2012-10-05-21,0.0,0.0,-0.0,0
2012-10-06-00,0.0,0.0,0.0,0
2012-10-06-03,0.0,0.0,-0.0,0
2012-10-06-06,0.0,0.0,-0.0,0
2012-10-06-09,0.0,0.0,0.0,0
2012-10-06-12,0.0,0.0,-0.0,0
2012-10-06-15,0.0,0.0,0.0,0
2012-10-06-18,0.0,0.0,-0.0,0
2012-10-06-21,0.0,0.0,0.0,0
2012-10-07-00,0.0,0.0,0.0,0
2012-10-07-03,0.0,0.0,-0.0,0
2012-10-07-06,0.0,0.0,-0.0,0
2012-10-07-09,0.0,0.0,-0.0,0
2012-10-07-12,0.0,0.0,0.0,0
2012-10-07-15,0.0,0.0,0.0,0
2012-10-07-18,0.0,0.0,-0.0,0
2012-10-07-21,0.0,0.0,-0.0,0
2012-10-08-00,0.0,0.0,-0.0,0
2012-10-08-03,0.0,0.0,-0.0,0
2012-10-08-06,4280.34,2705.45,16004.66,0
2012-10-08-09,0.0,0.0,-0.0,0
2012-10-08-12,0.0,0.0,-0.0,0
2012-10-08-15,0.0,0.0,0.0,0
2012-10-08-18,0.0,0.0,0.0,0
2012-10-08-21,0.0,0.0,-0.0,0
2012-10-09-00,0.0,0.0,-0.0,0
2012-10-09-03,0.0,0.0,-0.0,0
2012-10-09-06,2489.01,1672.11,8378.6,0
2012-10-09-09,0.0,0.0,-0.0,0
2012-10-09-12,0.0,0.0,-0.0,0
2012-10-09-15,0.0,0.0,0.0,0
2012-10-09-18,0.0,0.0,-0.0,0
2012-10-09-21,0.0,0.0,-0.0,0
2012-10-10-00,0.0,0.0,0.0,1
2012-10-10-03,0.0,0.0,-0.0,0
2012-10-10-06,0.0,0.0,-0.0,0
2012-10-10-09,0.0,0.0,-0.0,0
2012-10-10-12,0.0,0.0,-0.0,0
2012-10-10-15,0.0,0.0,-0.0,0
2012-10-10-18,0.0,0.0,0.0,0
2012-10-10-21,0.0,0.0,0.0,0
2012-10-11-03,0.0,0.0,-0.0,0
2012-10-11-06,0.0,0.0,-0.0,0
2012-10-11-09,1776.86,1930.2,3575.74,0
2012-10-11-12,0.0,0.0,0.0,0
2012-10-11-15,0.0,0.0,0.0,0
2012-10-11-18,0.0,0.0,-0.0,0
2012-10-11-21,0.0,0.0,-0.0,0
2012-10-12-00,0.0,0.0,-0.0,0
2012-10-12-03,0.0,0.0,-0.0,0
2012-10-12-06,0.0,0.0,-0.0,0
2012-10-12-09,0.0,0.0,0.0,0
2012-10-12-12,0.0,0.0,-0.0,0
2012-10-12-15,0.0,0.0,-0.0,0
2012-10-12-18,0.0,0.0,-0.0,0
2012-10-12-21,0.0,0.0,-0.0,0
2012-10-13-00,0.0,0.0,-0.0,0
2012-10-13-03,0.0,0.0,-0.0,0
2012-10-13-06,0.0,0.0,0.0,0
2012-10-13-09,0.0,0.0,0.0,0
2012-10-13-12,0.0,0.0,-0.0,0
2012-10-13-15,0.0,0.0,0.0,0
2012-10-13-18,0.0,0.0,0.0,0
2012-10-13-21,0.0,0.0,0.0,0
2012-10-14-00,0.0,0.0,0.0,0
2012-10-14-03,0.0,0.0,0.0,0
2012-10-14-06,0.0,0.0,0.0,0
2012-10-14-09,1887.31,1319.46,4756.93,0
2012-10-14-12,0.0,0.0,-0.0,0
2012-10-14-15,0.0,0.0,0.0,0
2012-10-14-18,0.0,0.0,0.0,0
2012-10-14-21,0.0,0.0,-0.0,0
2012-10-15-00,0.0,0.0,-0.0,0
2012-10-15-03,0.0,0.0,-0.0,0
2012-10-15-06,0.0,0.0,0.0,0
2012-10-15-09,0.0,0.0,-0.0,0
2012-10-15-12,0.0,0.0,-0.0,0
2012-10-15-15,0.0,0.0,-0.0,0
2012-10-15-21,0.0,0.0,-0.0,0
2012-10-16-00,0.0,0.0,-0.0,0
2012-10-16-03,0.0,0.0,-0.0,0
2012-10-16-06,0.0,0.0,-0.0,0
2012-10-16-09,-9.21,0.0,-0.0,0
2012-10-16-12,0.0,0.0,-0.0,0
2012-10-16-15,0.0,0.0,0.0,0
2012-10-16-18,0.0,0.0,-0.0,0
2012-10-16-21,6.15,0.0,113.03,0
2012-10-17-00,0.0,0.0,-0.0,0
2012-10-17-03,0.0,0.0,-0.0,0
2012-10-17-06,0.0,0.0,0.0,0
2012-10-17-09,0.0,0.0,0.0,0
2012-10-17-12,0.0,0.0,-0.0,0
2012-10-17-15,0.0,0.0,0.0,0
2012-10-17-18,0.0,0.0,-0.0,0
2012-10-17-21,0.0,0.0,-0.0,0
2012-10-18-03,0.0,0.0,-0.0,0
2012-10-18-06,0.0,0.0,-0.0,0
2012-10-18-09,0.0,0.0,0.0,0
2012-10-18-12,0.0,0.0,0.0,0
2012-10-18-15,0.0,0.0,-0.0,0
2012-10-18-18,0.0,0.0,-0.0,0
2012-10-18-21,0.0,0.0,-0.0,0
2012-10-19-00,0.0,0.0,-0.0,0
2012-10-19-03,0.0,0.0,-0.0,0
2012-10-19-06,0.0,0.0,-0.0,0
2012-10-19-09,0.0,0.0,-0.0,0
2012-10-19-12,0.0,0.0,0.0,0
2012-10-19-15,0.0,0.0,-0.0,0
2012-10-19-18,0.0,0.0,-0.0,0
2012-10-19-21,0.0,0.0,-0.0,0
2012-10-20-00,0.0,0.0,-0.0,0
2012-10-20-03,0.0,0.0,-0.0,0
2012-10-20-06,0.0,0.0,-0.0,0
2012-10-20-09,0.0,0.0,-0.0,0
2012-10-20-12,0.0,0.0,-0.0,0
2012-10-20-15,0.0,0.0,-0.0,0
2012-10-20-18,0.0,0.0,-0.0,0
2012-10-20-21,0.0,0.0,-0.0,0
2012-10-21-00,0.0,0.0,-0.0,0
2012-10-21-03,0.0,0.0,-0.0,0
2012-10-21-06,0.0,0.0,0.0,0
2012-10-21-09,0.0,0.0,-0.0,0
2012-10-21-12,0.0,0.0,-0.0,0
2012-10-21-15,0.0,0.0,0.0,0
2012-10-21-18,0.0,0.0,-0.0,0
2012-10-21-21,0.0,0.0,-0.0,0
2012-10-22-00,0.0,0.0,-0.0,0
2012-10-22-03,0.0,0.0,-0.0,0
2012-10-22-06,0.0,0.0,-0.0,0
2012-10-22-09,0.0,0.0,-0.0,0
2012-10-22-12,0.0,0.0,-0.0,0
2012-10-22-15,0.0,0.0,-0.0,0
2012-10-22-18,0.0,0.0,-0.0,0
2012-10-22-21,0.0,0.0,-0.0,0
2012-10-23-00,0.0,0.0,-0.0,0
2012-10-23-03,0.0,0.0,-0.0,0
2012-10-23-06,0.0,0.0,-0.0,0
2012-10-23-09,0.0,0.0,-0.0,0
2012-10-23-12,0.0,0.0,-0.0,0
2012-10-23-15,0.0,0.0,0.0,0
2012-10-23-18,0.0,0.0,0.0,0
2012-10-23-21,0.0,0.0,-0.0,0
2012-10-24-00,0.0,0.0,0.0,0
2012-10-24-03,0.0,0.0,-0.0,0
2012-10-24-06,0.0,0.0,-0.0,0
2012-10-24-09,0.0,0.0,-0.0,0
2012-10-24-12,0.0,0.0,-0.0,0
2012-10-24-15,0.0,0.0,0.0,0
2012-10-24-18,0.0,0.0,-0.0,0
2012-10-24-21,0.0,0.0,-0.0,0
2012-10-25-00,0.0,0.0,-0.0,0
2012-10-25-03,0.0,0.0,-0.0,0
2012-10-25-06,0.0,0.0,0.0,0
2012-10-25-09,0.0,0.0,-0.0,0
2012-10-25-12,0.0,0.0,0.0,0
2012-10-25-15,0.0,0.0,-0.0,0
2012-10-25-18,0.0,0.0,0.0,0
2012-10-25-21,0.0,0.0,0.0,0
2012-10-26-03,0.0,0.0,-0.0,0
2012-10-26-06,0.0,0.0,-0.0,0
2012-10-26-09,0.0,0.0,0.0,0
2012-10-26-12,0.0,0.0,-0.0,0
2012-10-26-15,0.0,0.0,0.0,0
2012-10-26-18,0.0,0.0,-0.0,0
2012-10-26-21,68.19,0.0,681.95,0
2012-10-27-00,0.0,0.0,0.0,1
2012-10-27-03,0.0,0.0,-0.0,0
2012-10-27-06,0.0,0.0,-0.0,0
2012-10-27-09,0.0,0.0,0.0,0
2012-10-27-12,0.0,0.0,-0.0,0
2012-10-27-15,0.0,0.0,0.0,0
2012-10-27-18,0.0,0.0,-0.0,0
2012-10-27-21,0.0,0.0,-0.0,0
2012-10-28-00,0.0,0.0,0.0,0
2012-10-28-03,0.0,0.0,-0.0,0
2012-10-28-06,0.0,0.0,-0.0,0
2012-10-28-09,0.0,0.0,0.0,0
2012-10-28-12,0.0,0.0,-0.0,0
2012-10-28-15,0.0,0.0,-0.0,0
2012-10-28-18,0.0,0.0,-0.0,0
2012-10-28-21,0.0,0.0,0.0,0
2012-10-29-00,0.0,0.0,-0.0,0
2012-10-29-03,0.0,0.0,-0.0,0
2012-10-29-06,0.0,0.0,0.0,0
2012-10-29-09,0.0,0.0,0.0,0
2012-10-29-12,0.0,0.0,-0.0,0
2012-10-29-15,0.0,0.0,-0.0,0
2012-10-29-18,0.0,0.0,-0.0,0
2012-10-29-21,0.0,0.0,-0.0,0
2012-10-30-00,0.0,0.0,-0.0,0
2012-10-30-03,0.0,0.0,-0.0,0
2012-10-30-06,0.0,0.0,-0.0,0
2012-10-30-09,0.0,0.0,0.0,0
2012-10-30-12,0.0,0.0,-0.0,0
2012-10-30-15,0.0,0.0,-0.0,0
2012-10-30-18,0.0,0.0,-0.0,0
2012-10-30-21,0.0,0.0,-0.0,0
2012-10-31-00,0.0,0.0,-0.0,0
2012-10-31-03,0.0,0.0,-0.0,0
2012-10-31-06,0.0,0.0,-0.0,0
2012-10-31-09,0.0,0.0,0.0,0
2012-10-31-12,0.0,0.0,-0.0,0
2012-10-31-15,0.0,0.0,-0.0,0
2012-10-31-18,0.0,0.0,-0.0,0
2012-10-31-21,0.0,0.0,-0.0,0
2012-11-01-00,0.0,0.0,-0.0,0
2012-11-01-03,0.0,0.0,-0.0,0
2012-11-01-06,330.87,0.0,2045.18,0
2012-11-01-09,0.0,0.0,-0.0,0
2012-11-01-12,0.0,0.0,-0.0,0
2012-11-01-15,0.0,0.0,0.0,0
2012-11-01-18,0.0,0.0,0.0,0
2012-11-01-21,0.0,0.0,0.0,0
2012-11-02-00,0.0,0.0,-0.0,0
2012-11-02-03,0.0,0.0,-0.0,0
2012-11-02-06,0.0,0.0,0.0,0
2012-11-02-09,0.0,0.0,0.0,0
2012-11-02-12,0.0,0.0,0.0,0
2012-11-02-15,0.0,0.0,-0.0,0
2012-11-02-18,0.0,0.0,-0.0,0
2012-11-02-21,0.0,0.0,-0.0,0
2012-11-03-03,0.0,0.0,-0.0,0
2012-11-03-06,0.0,0.0,-0.0,0
2012-11-03-09,0.0,0.0,0.0,0
2012-11-03-12,0.0,0.0,0.0,0
2012-11-03-15,0.0,0.0,-0.0,0
2012-11-03-18,0.0,0.0,-0.0,0
2012-11-03-21,0.0,0.0,0.0,0
2012-11-04-00,0.0,0.0,-0.0,0
2012-11-04-03,0.0,0.0,-0.0,0
2012-11-04-06,0.0,0.0,-0.0,0
2012-11-04-09,0.0,0.0,0.0,0
2012-11-04-12,0.0,0.0,0.0,0
2012-11-04-15,0.0,0.0,0.0,0
2012-11-04-18,0.0,0.0,-0.0,0
2012-11-04-21,0.0,0.0,-0.0,0
2012-11-05-00,0.0,0.0,-0.0,0
2012-11-05-03,0.0,0.0,-0.0,0
2012-11-05-06,0.0,0.0,-0.0,0
2012-11-05-09,0.0,0.0,0.0,0
2012-11-05-12,0.0,0.0,-0.0,0
2012-11-05-15,0.0,0.0,-0.0,0
2012-11-05-18,0.0,0.0,-0.0,0
2012-11-05-21,0.0,0.0,0.0,0
2012-11-06-00,0.0,0.0,-0.0,0
2012-11-06-03,0.0,0.0,-0.0,0
2012-11-06-06,0.0,0.0,-0.0,0
2012-11-06-09,0.0,0.0,0.0,0
2012-11-06-12,0.0,0.0,-0.0,0
2012-11-06-15,0.0,0.0,-0.0,0
2012-11-06-18,0.0,0.0,0.0,0
2012-11-06-21,97.76,0.0,375.95,0
2012-11-07-00,0.0,0.0,-0.0,0
2012-11-07-03,0.0,0.0,-0.0,0
2012-11-07-06,0.0,0.0,-0.0,0
2012-11-07-09,0.0,0.0,-0.0,0
2012-11-07-12,0.0,0.0,-0.0,0
2012-11-07-15,0.0,0.0,0.0,0
2012-11-07-18,0.0,0.0,0.0,0
2012-11-07-21,0.0,0.0,-0.0,0
2012-11-08-00,0.0,0.0,-0.0,0
2012-11-08-03,0.0,0.0,-0.0,0
2012-11-08-06,0.0,0.0,-0.0,0
2012-11-08-09,0.0,0.0,-0.0,0
2012-11-08-12,0.0,0.0,-0.0,0
2012-11-08-15,0.0,0.0,-0.0,0
2012-11-08-18,0.0,0.0,-0.0,0
2012-11-08-21,0.0,0.0,-0.0,0
2012-11-09-00,0.0,0.0,-0.0,0
2012-11-09-03,0.0,0.0,-0.0,0
2012-11-09-06,0.0,0.0,-0.0,0
2012-11-09-09,0.0,0.0,0.0,0
2012-11-09-12,0.0,0.0,-0.0,0
2012-11-09-15,0.0,0.0,-0.0,0
2012-11-09-18,0.0,0.0,-0.0,0
2012-11-09-21,0.0,0.0,-0.0,0
2012-11-10-00,0.0,0.0,-0.0,0
2012-11-10-03,0.0,0.0,-0.0,0
2012-11-10-06,0.0,0.0,-0.0,0
2012-11-10-09,0.0,0.0,0.0,0
2012-11-10-12,0.0,0.0,-0.0,0
2012-11-10-15,0.0,0.0,-0.0,0
2012-11-10-18,0.0,0.0,-0.0,0
2012-11-10-21,0.0,0.0,-0.0,0
2012-11-11-00,0.0,0.0,0.0,1
2012-11-11-03,0.0,0.0,-0.0,0
2012-11-11-06,0.0,0.0,-0.0,0
2012-11-11-09,0.0,0.0,0.0,0
2012-11-11-12,0.0,0.0,-0.0,0
2012-11-11-15,607.99,397.72,2229.59,0
2012-11-11-18,0.0,0.0,-0.0,0
2012-11-11-21,0.0,0.0,0.0,0
2012-11-12-00,0.0,0.0,0.0,1
2012-11-12-03,0.0,0.0,-0.0,0
2012-11-12-06,0.0,0.0,-0.0,0
2012-11-12-09,0.0,0.0,-0.0,0
2012-11-12-12,0.0,0.0,-0.0,0
2012-11-12-15,0.0,0.0,0.0,0
2012-11-12-18,0.0,0.0,-0.0,0
2012-11-12-21,0.0,0.0,0.0,0
2012-11-13-00,0.0,0.0,-0.0,0
2012-11-13-03,0.0,0.0,-0.0,0
2012-11-13-06,0.0,0.0,-0.0,0
2012-11-13-09,0.0,0.0,0.0,0
2012-11-13-12,0.0,0.0,-0.0,0
2012-11-13-15,0.0,0.0,0.0,0
2012-11-13-18,0.0,0.0,-0.0,0
2012-11-13-21,0.0,0.0,-0.0,0
2012-11-14-00,0.0,0.0,0.0,1
2012-11-14-03,0.0,0.0,0.0,0
2012-11-14-06,1848.58,1505.97,4333.41,0
2012-11-14-09,0.0,0.0,0.0,0
2012-11-14-12,0.0,0.0,-0.0,0
2012-11-14-15,0.0,0.0,0.0,0
2012-11-14-18,0.0,0.0,-0.0,0
2012-11-14-21,0.0,0.0,-0.0,0
2012-11-15-00,0.0,0.0,-0.0,0
2012-11-15-03,0.0,0.0,-0.0,0
2012-11-15-06,0.0,0.0,-0.0,0
2012-11-15-09,0.0,0.0,-0.0,0
2012-11-15-12,0.0,0.0,0.0,0
2012-11-15-15,0.0,0.0,-0.0,0
2012-11-15-21,0.0,0.0,-0.0,0
2012-11-16-00,0.0,0.0,-0.0,0
2012-11-16-03,0.0,0.0,-0.0,0
2012-11-16-06,0.0,0.0,-0.0,0
2012-11-16-09,0.0,0.0,0.0,0
2012-11-16-12,0.0,0.0,-0.0,0
2012-11-16-15,0.0,0.0,0.0,0
2012-11-16-18,0.0,0.0,0.0,0
2012-11-16-21,0.0,0.0,0.0,0
2012-11-17-00,0.0,0.0,-0.0,0
2012-11-17-03,0.0,0.0,-0.0,0
2012-11-17-06,0.0,0.0,0.0,0
2012-11-17-09,0.0,0.0,-0.0,0
2012-11-17-12,0.0,0.0,-0.0,0
2012-11-17-15,0.0,0.0,0.0,0
2012-11-17-18,0.0,0.0,-0.0,0
2012-11-17-21,0.0,0.0,-0.0,0
2012-11-18-00,0.0,0.0,-0.0,0
2012-11-18-03,0.0,0.0,-0.0,0
2012-11-18-06,0.0,0.0,-0.0,0
2012-11-18-09,0.0,0.0,0.0,0
2012-11-18-12,0.0,0.0,0.0,0
2012-11-18-15,0.0,0.0,0.0,0
2012-11-18-18,0.0,0.0,-0.0,0
2012-11-18-21,0.0,0.0,-0.0,0
2012-11-19-00,0.0,0.0,0.0,1
2012-11-19-03,0.0,0.0,-0.0,0
2012-11-19-06,0.0,0.0,0.0,0
2012-11-19-09,0.0,0.0,0.0,0
2012-11-19-12,0.0,0.0,-0.0,0
2012-11-19-15,0.0,0.0,0.0,0
2012-11-19-18,0.0,0.0,-0.0,0
2012-11-19-21,0.0,0.0,-0.0,0
2012-11-20-00,0.0,0.0,-0.0,0
2012-11-20-03,0.0,0.0,-0.0,0
2012-11-20-06,0.0,0.0,0.0,0
2012-11-20-09,0.0,0.0,0.0,0
2012-11-20-12,0.0,0.0,-0.0,0
2012-11-20-15,0.0,0.0,0.0,0
2012-11-20-18,0.0,0.0,0.0,0
2012-11-20-21,-5.18,0.0,59.54,0
2012-11-21-00,0.0,0.0,-0.0,0
2012-11-21-03,0.0,0.0,0.0,0
2012-11-21-06,0.0,0.0,0.0,0
2012-11-21-09,0.0,0.0,0.0,0
2012-11-21-12,0.0,0.0,-0.0,0
2012-11-21-15,0.0,0.0,0.0,0
2012-11-21-18,0.0,0.0,-0.0,0
2012-11-21-21,0.0,0.0,-0.0,0
2012-11-22-00,0.0,0.0,-0.0,0
2012-11-22-03,0.0,0.0,-0.0,0
2012-11-22-06,0.0,0.0,-0.0,0
2012-11-22-09,0.0,0.0,-0.0,0
2012-11-22-12,0.0,0.0,-0.0,0
2012-11-22-15,0.0,0.0,-0.0,0
2012-11-22-18,0.0,0.0,-0.0,0
2012-11-22-21,0.0,0.0,-0.0,0
2012-11-23-00,0.0,0.0,-0.0,0
2012-11-23-03,0.0,0.0,0.0,0
2012-11-23-06,0.0,0.0,-0.0,0
2012-11-23-09,0.0,0.0,-0.0,0
2012-11-23-12,0.0,0.0,-0.0,0
2012-11-23-15,0.0,0.0,0.0,0
2012-11-23-21,0.0,0.0,-0.0,0
2012-11-24-00,0.0,0.0,0.0,0
2012-11-24-03,0.0,0.0,0.0,0
2012-11-24-06,2758.91,2963.62,4176.13,0
2012-11-24-09,258.67,0.0,2586.73,0
2012-11-24-12,0.0,0.0,-0.0,0
2012-11-24-15,0.0,0.0,0.0,0
2012-11-24-18,0.0,0.0,-0.0,0
2012-11-24-21,0.0,0.0,0.0,0
2012-11-25-00,0.0,0.0,-0.0,0
2012-11-25-03,0.0,0.0,-0.0,0
2012-11-25-06,0.0,0.0,-0.0,0
2012-11-25-09,0.0,0.0,0.0,0
2012-11-25-12,0.0,0.0,-0.0,0
2012-11-25-15,0.0,0.0,0.0,0
2012-11-25-18,0.0,0.0,-0.0,0
2012-11-25-21,0.0,0.0,-0.0,0
2012-11-26-00,0.0,0.0,0.0,1
2012-11-26-03,0.0,0.0,-0.0,0
2012-11-26-06,0.0,0.0,-0.0,0
2012-11-26-09,0.0,0.0,0.0,0
2012-11-26-12,424.7,0.0,1866.63,0
2012-11-26-15,0.0,0.0,0.0,0
2012-11-26-18,0.0,0.0,0.0,0
2012-11-26-21,4.27,0.0,75.87,0
2012-11-27-00,0.0,0.0,0.0,1
2012-11-27-03,0.0,0.0,-0.0,0
2012-11-27-06,0.0,0.0,-0.0,0
2012-11-27-09,0.0,0.0,0.0,0
2012-11-27-12,0.0,0.0,-0.0,0
2012-11-27-15,0.0,0.0,0.0,0
2012-11-27-18,0.0,0.0,-0.0,0
2012-11-27-21,-2.04,0.0,66.47,0
2012-11-28-00,0.0,0.0,0.0,1
2012-11-28-03,0.0,0.0,-0.0,0
2012-11-28-06,0.0,0.0,-0.0,0
2012-11-28-09,0.0,0.0,-0.0,0
2012-11-28-12,0.0,0.0,-0.0,0
2012-11-28-15,0.0,0.0,-0.0,0
2012-11-28-18,0.0,0.0,-0.0,0
2012-11-28-21,0.0,0.0,-0.0,0
2012-11-29-00,0.0,0.0,-0.0,0
2012-11-29-03,0.0,0.0,-0.0,0
2012-11-29-06,0.0,0.0,-0.0,0
2012-11-29-09,0.0,0.0,0.0,0
2012-11-29-12,0.0,0.0,-0.0,0
2012-11-29-15,0.0,0.0,-0.0,0
2012-11-29-18,0.0,0.0,-0.0,0
2012-11-29-21,0.0,0.0,-0.0,0
2012-11-30-00,0.0,0.0,-0.0,0
2012-11-30-03,0.0,0.0,-0.0,0
2012-11-30-06,0.0,0.0,-0.0,0
2012-11-30-09,0.0,0.0,-0.0,0
2012-11-30-12,0.0,0.0,-0.0,0
2012-11-30-15,0.0,0.0,-0.0,0
2012-11-30-18,0.0,0.0,-0.0,0
2012-11-30-21,0.0,0.0,-0.0,0
2012-12-01-00,0.0,0.0,-0.0,0
2012-12-01-03,0.0,0.0,-0.0,0
2012-12-01-06,0.0,0.0,-0.0,0
2012-12-01-09,0.0,0.0,-0.0,0
2012-12-01-12,0.0,0.0,0.0,0
2012-12-01-15,0.0,0.0,-0.0,0
2012-12-01-18,0.0,0.0,-0.0,0
2012-12-01-21,0.0,0.0,-0.0,0
2012-12-02-00,0.0,0.0,-0.0,0
2012-12-02-03,0.0,0.0,-0.0,0
2012-12-02-06,0.0,0.0,-0.0,0
2012-12-02-09,0.0,0.0,-0.0,0
2012-12-02-12,0.0,0.0,-0.0,0
2012-12-02-15,0.0,0.0,0.0,0
2012-12-02-18,0.0,0.0,-0.0,0
2012-12-02-21,0.0,0.0,0.0,0
2012-12-03-00,0.0,0.0,-0.0,0
2012-12-03-03,0.0,0.0,-0.0,0
2012-12-03-06,0.0,0.0,-0.0,0
2012-12-03-09,0.0,0.0,0.0,0
2012-12-03-12,0.0,0.0,-0.0,0
2012-12-03-15,0.0,0.0,-0.0,0
2012-12-03-18,0.0,0.0,-0.0,0
2012-12-03-21,0.0,0.0,-0.0,0
2012-12-04-03,0.0,0.0,-0.0,0
2012-12-04-06,0.0,0.0,-0.0,0
2012-12-04-09,0.0,0.0,0.0,0
2012-12-04-12,0.0,0.0,-0.0,0
2012-12-04-15,0.0,0.0,-0.0,0
2012-12-04-18,0.0,0.0,-0.0,0
2012-12-04-21,0.0,0.0,0.0,0
2012-12-05-00,0.0,0.0,0.0,1
2012-12-05-03,0.0,0.0,-0.0,0
2012-12-05-06,0.0,0.0,-0.0,0
2012-12-05-09,0.0,0.0,-0.0,0
2012-12-05-12,0.0,0.0,-0.0,0
2012-12-05-15,0.0,0.0,-0.0,0
2012-12-05-18,0.0,0.0,-0.0,0
2012-12-05-21,0.92,0.0,9.21,0
2012-12-06-00,0.0,0.0,0.0,1
2012-12-06-03,0.0,0.0,-0.0,0
2012-12-06-06,0.0,0.0,-0.0,0
2012-12-06-09,0.0,0.0,-0.0,0
2012-12-06-12,0.0,0.0,-0.0,0
2012-12-06-15,0.0,0.0,-0.0,0
2012-12-06-18,0.0,0.0,-0.0,0
2012-12-06-21,0.0,0.0,-0.0,0
2012-12-07-00,0.0,0.0,-0.0,0
2012-12-07-03,0.0,0.0,-0.0,0
2012-12-07-06,0.0,0.0,-0.0,0
2012-12-07-09,0.0,0.0,-0.0,0
2012-12-07-12,0.0,0.0,0.0,0
2012-12-07-15,0.0,0.0,-0.0,0
2012-12-07-18,0.0,0.0,-0.0,0
2012-12-07-21,0.0,0.0,-0.0,0
2012-12-08-00,0.0,0.0,-0.0,0
2012-12-08-03,0.0,0.0,-0.0,0
2012-12-08-06,0.0,0.0,-0.0,0
2012-12-08-09,0.0,0.0,-0.0,0
2012-12-08-12,0.0,0.0,-0.0,0
2012-12-08-15,0.0,0.0,-0.0,0
2012-12-08-21,0.0,0.0,-0.0,0
2012-12-09-00,0.0,0.0,-0.0,0
2012-12-09-03,0.0,0.0,-0.0,0
2012-12-09-06,0.0,0.0,-0.0,0
2012-12-09-09,0.0,0.0,-0.0,0
2012-12-09-12,0.0,0.0,-0.0,0
2012-12-09-15,0.0,0.0,0.0,0
2012-12-09-18,0.0,0.0,-0.0,0
2012-12-09-21,0.0,0.0,0.0,0
2012-12-10-00,0.0,0.0,-0.0,0
2012-12-10-03,0.0,0.0,-0.0,0
2012-12-10-06,0.0,0.0,-0.0,0
2012-12-10-09,0.0,0.0,0.0,0
2012-12-10-12,0.0,0.0,-0.0,0
2012-12-10-15,0.0,0.0,0.0,0
2012-12-10-18,0.0,0.0,-0.0,0
2012-12-10-21,0.0,0.0,-0.0,0
2012-12-11-00,0.0,0.0,-0.0,0
2012-12-11-03,0.0,0.0,-0.0,0
2012-12-11-06,0.0,0.0,-0.0,0
2012-12-11-09,0.0,0.0,0.0,0
2012-12-11-12,0.0,0.0,-0.0,0
2012-12-11-15,0.0,0.0,-0.0,0
2012-12-11-18,0.0,0.0,-0.0,0
2012-12-11-21,0.0,0.0,-0.0,0
2012-12-12-00,0.0,0.0,0.0,1
2012-12-12-03,0.0,0.0,-0.0,0
2012-12-12-06,0.0,0.0,0.0,0
2012-12-12-09,0.0,0.0,-0.0,0
2012-12-12-12,0.0,0.0,-0.0,0
2012-12-12-15,1328.68,1379.55,2513.41,0
2012-12-12-18,0.0,0.0,-0.0,0
2012-12-12-21,0.0,0.0,-0.0,0
2012-12-13-00,0.0,0.0,0.0,1
2012-12-13-03,0.0,0.0,-0.0,0
2012-12-13-06,0.0,0.0,-0.0,0
2012-12-13-09,0.0,0.0,-0.0,0
2012-12-13-12,0.0,0.0,0.0,0
2012-12-13-15,0.0,0.0,-0.0,0
2012-12-13-18,0.0,0.0,-0.0,0
2012-12-13-21,0.0,0.0,-0.0,0
2012-12-14-00,0.0,0.0,0.0,1
2012-12-14-03,0.0,0.0,-0.0,0
2012-12-14-06,0.0,0.0,-0.0,0
2012-12-14-09,0.0,0.0,-0.0,0
2012-12-14-12,142.01,0.0,1420.11,0
2012-12-14-15,0.0,0.0,-0.0,0
2012-12-14-18,0.0,0.0,-0.0,0
2012-12-14-21,63.54,0.0,537.72,0
2012-12-15-00,0.0,0.0,-0.0,0
2012-12-15-03,0.0,0.0,-0.0,0
2012-12-15-06,0.0,0.0,-0.0,0
2012-12-15-09,0.0,0.0,-0.0,0
2012-12-15-12,615.86,0.0,3090.71,0
2012-12-15-15,0.0,0.0,0.0,0
2012-12-15-18,-0.18,0.0,65.86,0
2012-12-15-21,0.0,0.0,0.0,0
2012-12-16-00,0.0,0.0,-0.0,0
2012-12-16-03,0.0,0.0,-0.0,0
2012-12-16-06,0.0,0.0,0.0,0
2012-12-16-09,0.0,0.0,0.0,0
2012-12-16-12,0.0,0.0,-0.0,0
2012-12-16-15,0.0,0.0,0.0,0
2012-12-16-21,0.0,0.0,-0.0,0
2012-12-17-00,0.0,0.0,-0.0,0
2012-12-17-03,0.0,0.0,-0.0,0
2012-12-17-06,0.0,0.0,0.0,0
2012-12-17-09,0.0,0.0,-0.0,0
2012-12-17-12,0.0,0.0,-0.0,0
2012-12-17-15,0.0,0.0,-0.0,0
2012-12-17-18,0.0,0.0,-0.0,0
2012-12-17-21,-14.42,0.0,0.0,0
2012-12-18-00,0.0,0.0,-0.0,0
2012-12-18-03,0.0,0.0,-0.0,0
2012-12-18-06,0.0,0.0,-0.0,0
2012-12-18-09,0.0,0.0,-0.0,0
2012-12-18-12,0.0,0.0,-0.0,0
2012-12-18-15,0.0,0.0,-0.0,0
2012-12-18-18,0.0,0.0,-0.0,0
2012-12-18-21,0.0,0.0,-0.0,0
2012-12-19-00,0.0,0.0,-0.0,0
2012-12-19-03,0.0,0.0,-0.0,0
2012-12-19-06,0.0,0.0,-0.0,0
2012-12-19-09,0.0,0.0,0.0,0
2012-12-19-12,0.0,0.0,-0.0,0
2012-12-19-15,0.0,0.0,0.0,0
2012-12-19-18,0.0,0.0,-0.0,0
2012-12-19-21,0.0,0.0,-0.0,0
2012-12-20-00,0.0,0.0,0.0,1
2012-12-20-03,0.0,0.0,-0.0,0
2012-12-20-06,0.0,0.0,-0.0,0
2012-12-20-09,0.0,0.0,0.0,0
2012-12-20-12,0.0,0.0,-0.0,0
2012-12-20-15,0.0,0.0,0.0,0
2012-12-20-18,0.0,0.0,-0.0,0
2012-12-20-21,-366.01,0.0,131.57,0
2012-12-21-00,0.0,0.0,0.0,1
2012-12-21-03,0.0,0.0,-0.0,0
2012-12-21-06,0.0,0.0,-0.0,0
2012-12-21-09,0.0,0.0,-0.0,0
2012-12-21-12,0.0,0.0,-0.0,0
2012-12-21-15,0.0,0.0,-0.0,0
2012-12-21-18,0.0,0.0,-0.0,0
2012-12-21-21,0.0,0.0,-0.0,0
2012-12-22-00,0.0,0.0,0.0,0
2012-12-22-03,0.0,0.0,-0.0,0
2012-12-22-06,0.0,0.0,-0.0,0
2012-12-22-09,0.0,0.0,-0.0,0
2012-12-22-12,0.0,0.0,0.0,1
2012-12-22-15,0.0,0.0,-0.0,0
2012-12-22-18,0.0,0.0,-0.0,0
2012-12-22-21,0.0,0.0,-0.0,0
2012-12-23-00,0.0,0.0,-0.0,0
2012-12-23-03,0.0,0.0,-0.0,0
2012-12-23-06,0.0,0.0,-0.0,1
2012-12-23-09,0.0,0.0,-0.0,0
2012-12-23-12,0.0,0.0,-0.0,0
2012-12-23-15,0.0,0.0,-0.0,0
2012-12-23-18,0.0,0.0,-0.0,0
2012-12-23-21,0.0,0.0,-0.0,0
2012-12-24-00,0.0,0.0,-0.0,0
2012-12-24-03,0.0,0.0,-0.0,0
2012-12-24-06,0.0,0.0,-0.0,0
2012-12-24-09,0.0,0.0,-0.0,0
2012-12-24-12,0.0,0.0,-0.0,0
2012-12-24-15,0.0,0.0,-0.0,0
2012-12-24-18,0.0,0.0,0.0,0
2012-12-24-21,0.0,0.0,-0.0,0
2012-12-25-00,0.0,0.0,-0.0,0
2012-12-25-03,0.0,0.0,-0.0,0
2012-12-25-06,0.0,0.0,-0.0,0
2012-12-25-09,0.0,0.0,-0.0,0
2012-12-25-12,0.0,0.0,-0.0,0
2012-12-25-15,0.0,0.0,-0.0,0
2012-12-25-18,0.0,0.0,-0.0,0
2012-12-25-21,0.0,0.0,0.0,0
2012-12-26-00,0.0,0.0,-0.0,0
2012-12-26-03,0.0,0.0,-0.0,0
2012-12-26-06,0.0,0.0,-0.0,0
2012-12-26-09,0.0,0.0,-0.0,0
2012-12-26-12,0.0,0.0,-0.0,0
2012-12-26-15,0.0,0.0,0.0,0
2012-12-26-18,0.0,0.0,-0.0,0
2012-12-26-21,0.0,0.0,-0.0,0
2012-12-27-00,0.0,0.0,-0.0,0
2012-12-27-03,0.0,0.0,-0.0,0
2012-12-27-06,0.0,0.0,-0.0,0
2012-12-27-09,0.0,0.0,0.0,0
2012-12-27-12,0.0,0.0,0.0,0
2012-12-27-15,0.0,0.0,-0.0,0
2012-12-27-18,0.0,0.0,-0.0,0
2012-12-27-21,0.0,0.0,-0.0,0
2012-12-28-00,0.0,0.0,0.0,1
2012-12-28-03,0.0,0.0,-0.0,0
2012-12-28-06,0.0,0.0,-0.0,0
2012-12-28-09,0.0,0.0,0.0,0
2012-12-28-12,0.0,0.0,-0.0,0
2012-12-28-15,0.0,0.0,0.0,0
2012-12-28-18,0.0,0.0,-0.0,0
2012-12-28-21,125.41,0.0,725.47,0
2012-12-29-00,0.0,0.0,0.0,1
2012-12-29-03,0.0,0.0,-0.0,0
2012-12-29-06,0.0,0.0,-0.0,0
2012-12-29-09,0.0,0.0,0.0,0
2012-12-29-12,0.0,0.0,-0.0,0
2012-12-29-15,0.0,0.0,-0.0,0
2012-12-29-18,0.0,0.0,-0.0,0
2012-12-29-21,0.0,0.0,-0.0,0
2012-12-31-21,0.0,0.0,-0.0,0
