time,humidity_mean,humidity_median,humidity_max,humidity_p75,tcc_mean,tcc_median,tcc_max,tcc_p75,temp_mean,temp_median,temp_max,temp_p75,tp_mm_mean_aw,tp_mm_median,tp_mm_max,tp_mm_p75,tp_frac_gt_0.1,satellite_mean,satellite_median,satellite_max,satellite_origin,Kp,ap,keogram_mean,keogram_median,keogram_max
2012/2/15 6:00,92.36386108,92.76309204,96.46133423,95.20474243,0.301827312,0.224443212,0.750596762,0.554445028,-9.167836189,-8.884918213,-7.610198975,-8.66293335,6.82E-05,0,0.000391825,8.98E-05,0,4168.1,2514.58,11051.69,0,3.667,22,84.43,70.73,248.73
2012/2/19 6:00,91.52816772,91.69161987,94.89486694,94.43112183,0.124693975,0,0.470588684,0.284049988,-15.48650455,-14.98959351,-12.46078491,-13.76217651,0.000267521,0,0.000953674,0.000774075,0,3095.54,3095.54,3095.54,0,2.333,9,61.4,46.39,239.15
2012/4/3 9:00,90.51737213,88.90487671,95.05453491,93.77011108,0.275785178,0.247064739,0.659845471,0.352426678,-13.56086922,-13.70462036,-11.70040894,-13.27041626,0.001842265,0.001203967,0.008109258,0.002473826,0,4519.61,4519.61,4519.61,0,0.333,2,52.1,49,213.8
2012/4/7 9:00,83.69007874,83.51551819,89.87416077,89.34461975,0.377684146,0.24354583,0.962448418,0.532638848,-5.432864666,-5.361053467,-3.749603271,-5.016265869,0.013152348,0.002091751,0.095980242,0.003095716,0,3302.85,3082.47,5242.19,1,3.333,18,128.56,130.45,248.73
2012/4/12 9:00,81.68321228,81.92417908,84.23423767,83.47093201,0.074918114,0.04234314,0.221805573,0.163654327,-1.345923543,-1.171295166,-0.192840576,-0.837127686,0,0,0,0,0,2726.83,2518.55,4136.79,1,1.667,6,58.89,46.48,248.96
2012/8/23 9:00,63.31634521,65.24006653,71.00032043,68.25617981,0.123074003,0.018966675,0.582519531,0.077346802,8.063947678,7.623687744,10.26046753,9.552581787,0,0,0,0,0,1090.05,1032.18,1605.55,1,2,7,62.01,52.53,248.84
2012/9/18 9:00,62.46172333,62.81947327,68.91810608,64.47181702,0.141765848,0.091336399,0.393216282,0.246617466,1.578263998,1.722381592,2.746612549,2.147918701,0.000235002,0,0.001017965,0.000145315,0,3118.98,3742.95,3967.6,0,1.667,6,77.61,73.12,248.96
2012/10/11 9:00,61.04995346,59.20652771,69.68894958,68.81492615,0.033657074,0.009143829,0.207561493,0.030498505,-7.074391842,-6.689971924,-5.497528076,-5.92098999,0,0,0,0,0,2538.37,2521.94,3575.74,0,1.333,5,33.76,26.8,199.23
2012/10/23 9:00,76.49154663,80.20606995,85.69483948,81.68360901,0.093209162,0,0.329872131,0.181312561,-16.54927254,-16.73245239,-13.21206665,-15.97158813,7.74E-05,0,0.00038703,0,0,3069.58,2675.87,4017.89,1,2,7,72.99,63.37,230.78
2012/11/6 15:00,85.31124878,89.20106506,94.43934631,92.90565491,0.143331736,0.145927429,0.416412354,0.231773376,-23.13500214,-22.72943115,-21.35601807,-21.88287354,2.68E-05,0,0.000241591,0,0,2493.22,2511.96,3151.25,0,2,7,42.59,19.04,243.14
2012/11/24 6:00,84.52521515,86.36853027,90.17419434,89.15515137,0.005663766,0,0.024377823,0.007026196,-25.28273201,-26.29104614,-21.98904419,-23.05581665,0,0,0,0,0,2801.45,2313.85,4176.13,0,3.333,18,160.27,168.38,249.07
2012/11/24 9:00,84.47496033,86.74525452,90.13783264,89.2457428,0.010081397,0,0.040718079,0.011300087,-25.51414108,-26.00007629,-22.61360168,-22.87849426,0,0,0,0,0,2586.73,2586.73,2586.73,0,2,7,73.25,45.99,248.5
2012/11/25 15:00,82.66286469,82.34651184,92.63752747,86.39143372,0.048326705,0.035110474,0.208709717,0.056758881,-25.74759674,-25.82444763,-20.68211365,-22.75901794,0,0,0,0,0,2803.77,2911.78,4957.29,0,1.333,5,26.87,22.44,131.86
2012/11/26 12:00,75.83761597,74.58496094,81.90551758,79.05834961,0.073854238,0.005065918,0.409126282,0.097122192,-24.93496895,-24.76664734,-20.91435242,-24.00907898,0,0,0,0,0,1061.76,1050.89,1866.63,0,0,0,17.83,16.5,115.38
2012/12/2 6:00,90.96143341,97.74029541,100.1167603,98.88970947,0.385911733,0.242141724,0.934402466,0.863845825,-31.34585953,-31.87028503,-26.32243347,-31.04545593,0.001076974,0,0.003635068,0.003175519,0,1677.13,1677.13,1677.13,0,2.667,12,57.87,27.36,249.07
2012/12/17 15:00,96.29608917,100.3425293,102.7751465,100.6716309,0.130728826,0,0.518768311,0.254272461,-40.32132339,-40.02838135,-31.73858643,-37.40802002,3.01E-05,0,0.000281922,0,0,1439.61,1495.13,1760.97,0,2.333,9,36.75,32.54,117.17
2013/1/26 12:00,98.14351654,99.54417419,102.5458832,100.4096527,0.324276894,0.111137047,0.867301583,0.845176339,-37.41503143,-37.50457764,-33.16693115,-36.77325439,0.001389794,0,0.00577874,0.002789311,0,3667.99,3667.99,5270,0,3,15,136.09,136.46,249.07
2013/3/3 9:00,93.39168549,93.6685791,95.06256104,94.1307373,0.084366433,0.048939761,0.208756506,0.139794409,-20.30593681,-20.12696838,-17.61061096,-19.36830139,0.000320135,0,0.002362765,0.000121188,0,2686.91,2686.91,2807.72,0,1.667,6,31.45,21.35,232.57
2013/3/15 6:00,64.29760742,64.11805725,72.6856842,66.78334045,0,0,0,0,-16.75752449,-16.70120239,-14.34524536,-14.89614868,0,0,0,0,0,7709.95,7709.95,7709.95,0,2.333,9,46.17,39.29,243.71
2013/3/16 9:00,69.75241089,73.5758667,77.43621826,76.51580811,0.119159274,0,0.475601196,0.206642151,-21.07739449,-20.85560608,-18.91938782,-20.42115784,0,0,0,0,0,4745.51,4745.51,4745.51,0,2,7,45.13,36.88,198.68
2013/3/24 9:00,86.88147736,89.62054443,91.49163818,90.42718506,0.027434455,0,0.135139465,0.018299103,-24.93401337,-25.40771484,-22.95825195,-23.68286133,0.000223071,0,0.001453271,0,0,3296.51,3218.86,4276.91,1,1.333,5,67.12,60.62,248.84
2013/4/4 9:00,78.07146454,78.07493591,81.40086365,80.09129333,0.074451022,0,0.295730591,0.15032196,-12.03277969,-11.69979858,-10.04525757,-11.19894409,8.95E-05,0,0.000290849,0.000194465,0,1843.01,1599.68,4619.34,1,1,4,38.86,28.3,215.69
2013/4/20 9:00,65.66963196,70.50860596,81.75665283,76.32598877,0.052956477,0,0.345344543,0.0051651,-11.23241138,-11.57376099,-9.222259521,-10.71969604,0,0,0,0,0,946.32,1000.29,1245.2,1,1.333,5,37.96,15.8,248.16
2013/4/23 9:00,55.31312561,56.97462463,58.75856018,57.21754456,0,0,0,0,-3.439938068,-3.269622803,-1.439666748,-1.797821045,0,0,0,0,0,3370.79,3269.04,4932.07,1,1.333,5,33.98,22.39,248.96
2013/4/25 9:00,79.22432709,78.46179199,90.60876465,88.62878418,0.295242518,0.050127033,0.875429153,0.765367508,-3.754987955,-4.069122314,-1.389923096,-2.889556885,0.030320969,0,0.101251528,0.068809837,0.111111111,6763.06,6742.03,8882.55,1,2.667,12,37.22,24.15,210.97
2013/4/28 9:00,77.07379913,75.24534607,85.24925232,78.9384613,0.060676575,0.045341492,0.280899048,0.071846008,-11.72748184,-11.57626343,-9.443450928,-10.81906128,2.80E-05,0,0.000145326,0,0,3046.46,3192.26,4700.78,1,1.667,6,23.25,15.9,248.73
2013/8/14 9:00,61.83772659,61.80105591,72.09597778,68.41921997,0.304575622,0.214113057,0.66014272,0.43092519,14.33128834,14.8586731,16.32705688,15.10305786,0,0,0,0,0,1053.94,1080.31,1849.3,1,0.333,2,32.83,22.37,224.48
2013/8/25 9:00,56.24732208,55.029953,62.44596863,60.51115417,0.021991942,0.002534866,0.108341217,0.020082474,3.552792072,3.510528564,5.43057251,3.93838501,0,0,0,0,0,2383.29,2429.74,2646.65,1,1.667,6,68.55,59.16,249.07
2013/12/8 3:00,92.16680908,92.34503174,95.34820557,93.37164307,0.277891636,0.203913629,0.665263116,0.454600275,-2.516855955,-3.05355835,0.882232666,-0.434417725,0.092416733,0.001669682,0.32062158,0.226788983,0.333333333,1154.88,1163.51,1762.96,0,5.667,67,64.13,62.75,245.08
2013/12/25 15:00,90.04413605,98.98880005,103.3139954,101.1177063,0.263890594,0.019546509,0.940078735,0.506591797,-33.12021637,-34.10806274,-25.43618774,-33.11978149,0.000194141,0,0.001055974,0,0,4977.99,4977.99,4977.99,0,2,7,113.52,105.31,248.84
2014/1/3 9:00,96.78674316,96.42324829,100.6842346,98.72329712,0.235849112,0.192198813,0.543013632,0.271376669,-17.07259178,-17.25878906,-13.13354492,-14.43017578,0.005200948,0.001535285,0.028650276,0.00455929,0,2718.28,2964.29,3193.8,1,2,7,52.5,46.89,220.32
2014/1/13 6:00,95.00370026,96.86549377,101.7216949,97.56129456,0.177140981,0.029121399,0.441131592,0.378479004,-38.03749466,-35.6230011,-28.73872375,-34.98139954,0.000111183,0,0.000387139,0.0002464,0,12.82,12.82,12.82,1,2,7,22.23,18,194.82
2014/2/8 6:00,88.48060608,89.52183533,97.59410095,93.9158783,0.061223347,0.029060364,0.219913483,0.107872009,-19.62105942,-19.82073975,-17.90270996,-18.50231934,0.000276883,0.000179396,0.000808257,0.000526212,0,1815.58,1910.65,2275.86,0,4,27,95.52,85.5,249.07
2014/2/10 6:00,90.79360962,89.7771759,99.82356262,97.14045715,0.102230497,0.005065918,0.348518372,0.195701599,-30.81209946,-29.79156494,-24.98077393,-28.39996338,1.92E-05,0,0.000179614,0,0,102.26,102.57,164.03,1,1.333,5,29.51,23.75,248.96
2014/2/22 6:00,89.04400635,89.03462219,97.30610657,95.19624329,0.090564303,0.013664246,0.276176453,0.188110352,-26.31136322,-25.16799927,-21.74539185,-23.025177,0.000103642,0,0.000359229,0.000179614,0,140.78,140.78,140.78,1,2.333,9,26.97,19.66,230.46
2014/2/28 9:00,65.96251678,66.85905457,74.10710144,71.69889832,0.002822081,0,0.024394035,0,-11.78298473,-11.84030151,-6.647674561,-7.408172607,0,0,0,0,0,3837.8,3864.45,8847.88,1,2.667,12,71.18,52.03,249.07
2014/3/1 6:00,74.78834534,74.0899353,89.63339233,76.95175171,0.115581088,0.028564453,0.477973938,0.198051453,-10.81039429,-12.06771851,-5.404388428,-8.217376709,0.002330443,0,0.015851576,0.001162756,0,3282.08,3282.08,4382.76,0,1.667,6,32.92,26.76,206.1
2014/3/3 9:00,83.16156769,84.31982422,86.79125977,86.70336914,0.208546951,0.03843689,0.879776001,0.220413208,-16.66882706,-16.52700806,-10.27993774,-15.6991272,0,0,0,0,0,5579.3,5579.3,7398.69,0,1,4,40.82,30.37,234.82
2014/3/4 9:00,83.90752411,84.38867188,90.11938477,84.73510742,0.298934937,0.050674438,0.860687256,0.830703735,-15.66464233,-15.62338257,-12.51852417,-15.12826538,0.00161061,0,0.009820098,0.000984175,0,22.93,22.93,22.93,1,2,7,43.13,27.36,248.96
2014/3/4 12:00,88.01222992,88.07258606,93.09773254,89.14826965,0.321422994,0.121765137,0.924942017,0.772216797,-16.20267487,-16.65646362,-12.67416382,-14.87936401,0.002253229,0,0.014995923,0.00170269,0,3836.16,4328.15,5664.71,1,2.333,9,24.66,20.83,183.95
2014/3/10 9:00,87.78292847,90.36083984,94.12866211,92.35717773,0.274985135,0.240107775,0.513583422,0.457293749,-26.41560745,-26.0120697,-24.11204529,-25.94163513,0.000515678,0.000538828,0.001074513,0.000774278,0,3139.95,3139.95,3662.07,1,2,7,52.45,32.37,249.07
2014/3/14 6:00,69.52207947,70.34828186,75.30848694,73.32899475,0.262252808,0.189910889,0.822937012,0.442443848,-4.673838139,-2.938812256,-1.152435303,-1.367523193,0,0,0,0,0,160.93,139.54,226.51,1,2,7,20.44,15.07,232.28
2014/3/20 12:00,89.14105225,90.53192139,95.29974365,91.30218506,0.196248367,0.075332642,0.649459839,0.36920166,-17.76900482,-17.67953491,-16.1512146,-16.95767212,0.000406033,8.50E-05,0.001374836,0.000847591,0,1577.11,1577.11,1577.11,1,1,4,22.97,16.85,115.34
2014/3/21 6:00,78.04606628,77.97941589,84.03288269,80.97477722,0.000462704,0,0.004164338,0,-12.06294441,-11.86654663,-9.798919678,-10.7449646,0,0,0,0,0,618.76,678.07,1037.14,1,2.333,9,40.71,28.44,244.96
2014/3/21 9:00,83.22742462,83.19490051,86.11750793,83.63630676,0.005086899,0,0.023906708,0,-14.19349194,-13.95870972,-12.80789185,-12.95455933,0,0,0,0,0,6855.96,6669.4,11154.9,0,2.333,9,107.82,91.56,249.07
2014/3/21 12:00,85.28400421,85.34608459,88.91969299,88.25746155,0.0029077,0,0.01591301,0,-17.10060692,-16.82989502,-15.16046143,-15.83660889,0,0,0,0,0,4288.01,4426.64,5382.51,1,2.333,9,25.28,21.32,201.34
2014/3/26 9:00,64.72548676,66.51763916,73.90533447,70.190979,0,0,0,0,-5.423254967,-4.948944092,-3.509613037,-4.342376709,0,0,0,0,0,2349.9,2300.34,3584.35,1,1.333,5,23.22,16.9,229.88
2014/3/27 9:00,72.00292969,72.88096619,80.8155365,73.83262634,0,0,0,0,-9.56930542,-9.121307373,-7.65914917,-8.579193115,0,0,0,0,0,3744.18,3360.4,5973.5,1,1.667,6,64.87,61.59,233.77
2014/4/15 9:00,76.15485382,78.57748413,84.71176147,79.87533569,0.114084877,0.106910706,0.272994995,0.159362793,-0.578182638,-0.883331299,2.260650635,-0.402008057,0,0,0,0,0,1043.71,1019.95,1401.97,1,0.667,3,41.59,21.01,248.73
2014/4/17 9:00,83.06858826,81.06066895,89.81018066,85.34899902,0.25012961,0.060605295,0.812619448,0.409161806,0.75872463,0.768463135,3.203643799,0.973419189,0.000346863,0,0.002136105,0,0,1704.86,1750.29,2472.72,1,1.333,5,37.81,25.01,248.96
2014/4/21 9:00,80.70043945,80.15917969,84.71923828,82.89111328,0.24738735,0.058456421,0.902816772,0.400497437,1.094051838,1.141571045,2.621124268,1.74697876,0,0,0,0,0,2939.65,3163.12,3567.08,1,3.667,22,57.44,57.46,233.66
2014/4/24 9:00,76.28244781,76.07159424,77.93438721,76.97589111,0.001609617,0,0.012480259,0,1.045400023,0.904083252,2.390838623,1.504302979,0,0,0,0,0,3501.41,3753,6393.46,1,2,7,90.71,87.16,247.36
2014/4/29 9:00,68.52127075,69.89038086,73.22412109,70.45483398,0.050161574,0.022636414,0.301849365,0.03918457,-0.470401347,-0.146453857,1.19644165,1.05581665,0,0,0,0,0,516.7,448.85,882.69,1,0.333,2,25.63,20.92,248.96
2014/5/1 9:00,60.12440491,59.99867249,66.64466858,65.16078186,0.123598963,0.074560605,0.630331457,0.100805722,2.811391115,2.603790283,4.84072876,3.981414795,0,0,0,0,0,1605.37,1592.39,2024.5,1,0.667,3,17.1,23.04,91.21
2014/9/1 6:00,58.23121643,58.65759277,63.16931152,61.73425293,0.007850859,0.001882553,0.051342964,0.005062103,3.84072876,3.605865479,5.705718994,5.267486572,0,0,0,0,0,98.65,88.43,217.05,1,2.333,9,30.85,26.74,206.84
2014/9/1 9:00,66.19265747,65.91889954,71.99165344,67.58760071,0.115747243,0.079460144,0.303863525,0.210845947,2.791981936,2.171051025,4.55178833,4.46182251,0,0,0,0,0,2590.51,1919.68,4385.64,1,2.333,9,38.93,34.99,173.28
2014/9/4 9:00,59.86427689,54.88006592,76.6227417,69.06219482,0.065661959,0.024765015,0.196483612,0.139575958,-0.347483307,0.058380127,0.80368042,0.672576904,0,0,0,0,0,2604.44,2584.76,4274.02,1,2,7,89,77.83,246.55
2014/9/8 6:00,61.03115463,63.87149048,66.72671509,65.20425415,0.24154833,0,0.827987671,0.536117554,4.121341228,4.371856689,5.713287354,4.766387939,0,0,0,0,0,15.32,15.32,15.32,1,1.667,6,23.5,20.73,217.52
2014/9/11 9:00,76.05292511,75.56039429,79.58139038,77.98165894,0.315561295,0.233598709,0.635919571,0.441255569,7.349389076,6.693145752,9.222808838,8.378936768,0,0,0,0,0,1972.82,1844.54,2871.75,1,2.333,9,103.02,108.46,239.5
2014/9/25 9:00,73.67941284,71.28184509,84.61631775,83.29893494,0.240434438,0,0.897979736,0.562316895,-1.709523559,-1.095367432,-0.571868896,-0.98739624,0.001503334,0,0.010096002,0.000339933,0,1653.8,1605.95,2414.12,1,2.667,12,63.58,55.83,239.5
2014/9/26 9:00,66.4719696,66.50541687,73.0188446,69.78227234,0.035860062,0.03074646,0.089107513,0.055793762,-2.223269939,-1.943206787,-1.287506104,-1.746124268,0,0,0,0,0,1166.32,1097.72,1828.37,1,2.667,12,45.33,32.54,248.96
2014/10/9 6:00,72.45703888,71.52555847,85.91569519,79.56022644,0.034520045,0.02596283,0.154956818,0.046207428,-10.79460621,-10.33773804,-5.820159912,-7.609954834,7.65E-05,0,0.000663495,0,0,4951.53,5721.01,7532.52,0,3.667,22,145.82,172.18,249.07
2014/10/26 6:00,87.35752869,88.65039063,94.59472656,93.46875,0.178261325,0.176078454,0.339431435,0.319228798,-13.23628426,-13.67489624,-8.890228271,-11.7671814,0.000434287,0,0.002795307,0.000492146,0,2404.52,2404.52,2404.52,0,3,15,37.53,37.18,113.73
2014/10/26 9:00,85.81106567,86.79440308,95.77975464,93.16403198,0.203403056,0.066772461,0.751220703,0.369750977,-14.18238354,-14.14022827,-9.316497803,-13.60678101,0.000488987,0,0.002995948,0.000774045,0,5233.79,5207.75,6935.79,1,3,15,54.46,37.87,236.77
2014/11/5 9:00,92.04647064,91.72756958,101.6357727,99.72171021,0.203830898,0.181202114,0.776661098,0.189762294,-21.86469078,-20.06114197,-17.46665955,-19.85630798,0.000274958,0,0.00085136,0.000538843,0,9046.19,8385.6,12477.99,1,3.667,22,170.46,182.19,249.07
2014/11/22 6:00,69.08177948,68.50056458,79.44685364,72.84089661,0.053874545,0.041267395,0.219257355,0.064266205,-14.31909561,-14.21206665,-11.6769104,-12.92300415,1.92E-05,0,0.000179614,0,0,671.36,671.36,671.36,0,1.667,6,31.25,17.76,241.89
2014/12/20 6:00,86.82193756,87.09291077,92.36976624,90.2169342,0.317659169,0.015197754,0.979202271,0.875640869,-17.16804695,-17.41488647,-13.36911011,-15.26950073,0.001135906,0,0.00440958,0.00180502,0,1285.82,1204.95,2526.99,0,1.667,6,26.59,15.87,239.45
2015/1/2 15:00,75.59030151,75.18084717,87.05584717,79.71990967,0.234949753,0.054626465,0.929214478,0.320922852,-19.879282,-19.07907104,-15.76876831,-17.05050659,8.34E-05,0,0.000476837,0,0,2431.07,2275.01,3797.22,0,2.333,9,41.41,24.34,197.7
2015/1/4 15:00,55.83858109,56.42907715,59.91442871,57.76989746,0.000985357,0,0.008868217,0,-25.21908569,-24.85678101,-15.31869507,-20.56625366,0,0,0,0,0,6923.12,6858.37,14550.17,1,5,48,133.05,142.18,249.07
2015/1/5 3:00,66.88076782,66.47242737,69.26319885,68.62147522,0.007381651,0,0.06643486,0,-28.31027985,-28.72087097,-19.436203,-25.13542175,0,0,0,0,0,110.01,106.25,247.26,0,3,15,24.02,20.65,248.73
2015/1/6 3:00,71.86219025,76.08001709,79.14984131,77.54779053,0.003773371,0,0.033960342,0,-27.00832367,-22.90779114,-19.32673645,-22.18562317,0.000118794,0,0.0007239,0,0,11.98,11.98,16.2,0,3,15,19.98,16.82,242.69
2015/1/8 6:00,63.86698532,68.5255127,78.02062988,76.97473145,0.11805132,0.048599243,0.350669861,0.174209595,-19.6288681,-18.73139954,-15.12911987,-16.83493042,0.000167093,0,0.001161097,0,0,278.98,136.74,661.09,1,2.667,12,35.84,23.15,246.57
2015/1/27 9:00,89.27846527,92.66523743,102.9621124,97.52363586,0.199622259,0.231643677,0.524200439,0.288635254,-36.31861115,-37.15107727,-28.29292297,-35.86689758,0,0,0,0,0,1660.58,1660.58,1660.58,1,2,7,40.12,31.62,243.03
2015/1/27 15:00,93.18704224,98.38800049,107.5042114,103.2835083,0.188095093,0.021347046,0.697952271,0.299163818,-37.66056442,-38.28198242,-27.4284668,-36.18530273,0,0,0,0,0,1000.85,870.93,1772.92,0,2.333,9,37.65,26.69,151.8
2015/1/29 15:00,85.14230347,88.13899231,94.21955872,92.8396759,0.079813637,0,0.349517822,0.175590515,-36.22954559,-34.95497131,-29.08729553,-31.60682678,0,0,0,0,0,2384.94,2384.94,2509.67,1,2,7,34.85,27.4,185.24
2015/1/31 15:00,68.72418976,68.79748535,77.11291504,73.17785645,0.148774728,0.073208116,0.401058465,0.25848034,-25.32784081,-24.86755371,-19.8939209,-22.88220215,0.000802207,0.00024162,0.002532382,0.00172772,0,2865.95,3346.23,3786.12,1,2.333,9,40.67,34.08,179.29
2015/2/1 6:00,83.12738037,86.60160828,93.52445984,91.73539734,0.063209109,0.012065887,0.238933563,0.134361267,-26.1433754,-26.87924194,-19.35067749,-24.30795288,9.60E-06,0,8.98E-05,0,0,478.65,478.65,703.08,1,3,15,27.45,20.11,229.98
2015/2/5 15:00,86.33401489,85.83248901,97.70162964,89.36422729,0.155743062,0.069580078,0.499572754,0.322769165,-32.61980438,-29.64562988,-25.84289551,-27.28381348,2.63E-05,0,0.000246066,0,0,3062.71,2530.71,5575.22,0,3.333,18,75.35,54.31,248.96
2015/2/6 12:00,79.74368286,80.33580017,93.16490173,90.80210876,0.039505854,0,0.224739075,0.032764435,-31.13648415,-28.88754272,-25.03231812,-26.80429077,0,0,0,0,0,4087.29,4087.29,5565.05,1,1.667,6,30.39,22.83,248.39
2015/2/9 15:00,78.00405884,77.98371887,88.77522278,82.65266418,0.000339197,0,0.003052771,0,-30.0252285,-27.39160156,-23.24414063,-26.53417969,0,0,0,0,0,1110.96,1134.36,1328.38,0,2,7,27.08,27.85,248.73
2015/3/3 6:00,72.17419434,75.58511353,80.71450806,78.76138306,0.077100962,0,0.397216797,0.071037292,-14.37278271,-14.93658447,-7.777160645,-10.51226807,0,0,0,0,0,510.42,490.78,1107.02,1,2,7,64.34,37.77,248.96
2015/3/11 9:00,93.85652924,93.79516602,101.6140137,96.41430664,0.204376221,0.062606812,0.553649902,0.431976318,-28.35383987,-28.35612488,-26.29216003,-27.8757782,0.000881627,0,0.002308283,0.001937966,0,4919.4,4729.04,8188.18,1,1.667,6,25.27,16.14,191.42
2015/3/12 6:00,87.73126984,88.10353088,93.03541565,89.90870667,0.212636307,0.124389648,0.783828735,0.288894653,-25.59029388,-25.75306702,-21.65357971,-24.37513733,0.00164985,0.000145286,0.011620112,0.000680564,0,1270.88,1657.99,1854.86,1,2.333,9,40.11,33.81,246.68
2015/3/12 9:00,93.0018158,92.93307495,98.2741394,94.51974487,0.214726761,0.143295288,0.687606812,0.375518799,-27.16685486,-26.52000427,-23.26329041,-26.38243103,0.001436148,0.000631204,0.007461989,0.001430511,0,5175.94,5175.94,5175.94,0,2.333,9,89.53,73.98,249.07
2015/3/15 12:00,95.74277496,96.01997375,99.1320343,97.73762512,0.015254974,0,0.076519012,0.003562927,-33.58041,-33.57170105,-30.46464539,-32.63420105,0,0,0,0,0,6188.96,6188.96,6188.96,1,1.333,5,32.93,25.29,137.31
2015/3/18 6:00,80.82719421,81.20002747,84.52156067,82.73835754,0,0,0,0,-9.774546623,-9.104217529,-6.731903076,-7.853485107,0,0,0,0,0,488.3,408.87,847.88,1,4.333,32,65.47,28.02,248.96
2015/3/23 9:00,87.30636597,87.276474,91.2620697,89.97935486,0.187706843,0.136787415,0.4164505,0.311836243,-11.11738777,-10.59384155,-7.514129639,-9.242889404,0.002267171,0.0004014,0.011189142,0.001188833,0,4095.86,3993.25,4899.41,1,3,15,50.97,41.57,241.13
2015/3/24 9:00,85.61553192,85.31616211,93.44238281,89.80786133,0.047446355,0.020263672,0.259277344,0.041877747,-10.33121395,-10.59396362,-6.123260498,-9.487762451,0,0,0,0,0,1993.55,1993.55,1993.55,1,2.333,9,31.41,15.83,249.07
2015/3/25 9:00,80.28848267,84.60516357,88.18035889,86.76727295,0,0,0,0,-9.799760818,-10.17611694,-5.326141357,-8.552581787,0,0,0,0,0,4715.02,5285.05,6196.65,1,3.333,18,72.79,57.04,245.99
2015/4/28 9:00,69.51928711,69.40890503,76.709198,74.91622925,0.161451608,0.143615782,0.514633238,0.197280943,2.796817303,2.91305542,3.818267822,3.068267822,0.002470938,0,0.012299279,0.002326909,0,3185.45,3101.03,3793.66,1,1.667,6,89.2,106.28,248.96
2015/9/6 9:00,73.87647247,71.13531494,85.77203369,79.12554932,0.075062223,0.015922546,0.278709412,0.148170471,3.534956217,3.388702393,5.546295166,4.199371338,6.71E-05,0,0.000581698,0,0,3063.39,3092.86,3752.54,1,2.667,12,65.71,52.08,243.49
2015/9/26 9:00,87.09690857,89.86221313,95.72549438,91.61416626,0.341601312,0.186678827,0.924639642,0.43487829,-1.319698811,-0.663909912,0.033843994,-0.147674561,0.021174627,0.012194738,0.064045191,0.027664006,0,1523.94,1575.56,2147.18,1,0.333,2,17.78,15.05,248.96
2015/10/15 12:00,90.67386627,90.57749939,93.88414001,91.50987244,0.046929255,0.026390076,0.238128662,0.041408539,-6.083417892,-6.136077881,-4.212921143,-5.901519775,0,0,0,0,0,903.5,903.5,903.5,1,1.333,5,29.29,22.57,209.36
2015/11/19 6:00,94.6132431,94.2406311,104.6776428,101.7621155,0.32028538,0.177337646,0.886627197,0.693893433,-28.89711761,-28.80184937,-23.56967163,-27.75863647,0.000763512,0,0.003215217,0.001215027,0,317.44,268.13,688.52,1,1.667,6,35.2,21.72,248.96
2015/11/19 9:00,91.88070679,93.72267151,105.1635895,101.2046051,0.342365861,0.233903006,0.978028357,0.384446204,-28.6592617,-27.90077209,-24.61573792,-27.65187073,0.001015055,0,0.005183159,0.000984292,0,4353.72,4021.24,6512.06,1,3,15,91.39,72.37,249.07
2015/12/11 15:00,94.16027832,93.76034546,99.89266968,98.0965271,0.451984882,0.205282494,1.00000596,1.00000596,-24.04788971,-21.92440796,-17.45834351,-19.86557007,0.002661762,0,0.010140007,0.005563488,0,1854.63,1667.05,2873.2,0,4.333,32,64.09,43.86,233.95
2016/1/21 9:00,89.55305481,90.10566711,93.19709778,92.00764465,0.301551968,0.137925223,0.927109778,0.401093543,-19.58239365,-19.22044373,-16.46029663,-17.97642517,0.000267849,0.000242406,0.001032982,0.000359229,0,4774.71,4774.71,4774.71,1,3.333,18,101.46,96.25,249.07
2016/2/1 6:00,83.85611725,84.05984497,95.51589966,90.96853638,0.269181997,0.037979126,0.840209961,0.593429565,-16.04150009,-16.50784302,-14.07876587,-14.45114136,0.002181345,0,0.010794727,0.00302447,0,3717,3717,3717,0,2.333,9,68.85,61.06,236.44
2016/2/2 15:00,90.87739563,91.1098175,100.1493683,97.33784485,0.393288493,0.139602661,0.982635498,0.893936157,-20.26004028,-19.91007996,-16.37954712,-18.86149597,0.001871682,0.000194414,0.009640586,0.002501765,0,2207.05,1979.83,3886.74,0,2,7,35.72,25.94,190.1
2016/2/3 6:00,90.09033203,88.90383911,96.25881958,95.14920044,0.263125956,0.013046265,0.8724823,0.567703247,-17.64664459,-17.04342651,-14.05148315,-15.25045776,0.000546998,0,0.002423825,0.000605301,0,1004.8,722.05,1985.68,1,2.667,12,44.06,35.74,248.96
2016/2/3 9:00,90.68338776,90.62753296,96.62045288,94.34408569,0.187711924,0.005844116,0.713195801,0.289489746,-19.89068985,-18.5887146,-16.36752319,-17.28915405,0.000316632,0,0.001223088,0.000515487,0,2263.83,2364.54,3031.57,1,1,4,29.14,24.18,229.91
2016/2/7 15:00,95.03108215,96.39935303,99.03948975,98.48358154,0.270874023,0.103866577,0.793685913,0.607513428,-17.37482643,-17.17837524,-11.39004517,-14.14126587,0.00020396,0,0.000774278,0.000359229,0,2810.67,2876.37,2940.79,0,3.667,22,59.34,50.86,213.08
2016/2/12 9:00,80.75074768,83.0423584,92.88122559,86.09118652,0.109234281,0.119773865,0.37184906,0.122451782,-9.950378418,-5.852264404,-3.486297607,-5.773162842,0,0,0,0,0,4423.24,4544.8,5078.57,1,3.667,22,84.02,60.16,249.07
2016/2/18 6:00,80.53702545,80.64413452,83.9382019,82.25704956,0.107025146,0.026153564,0.556488037,0.074020386,-21.51012802,-21.16537476,-16.3218689,-17.56552124,0,0,0,0,0,2791.33,2791.33,2791.33,0,4,27,93.56,72.2,249.07
2016/3/7 12:00,80.77432251,79.98704529,91.01634216,84.79515076,0.094700284,0.088432312,0.354560852,0.129203796,-15.22123528,-15.43325806,-11.04397583,-13.51345825,0.001108299,0,0.00533415,0.002061948,0,1769.4,1769.4,2368.97,0,2.667,12,52.58,47.23,243.66
2016/3/9 9:00,89.26485443,90.08578491,93.59408569,91.29208374,0.233773127,0,0.937011719,0.463424683,-15.36108017,-15.73922729,-10.67391968,-12.70626831,3.35E-05,0,0.000290653,0,0,1398.19,1251.3,2575.9,1,1.333,5,44.01,42.1,214.04
2016/3/9 12:00,92.52802277,93.39282227,95.68322754,94.56835938,0.374845713,0.210540771,0.919158936,0.834609985,-15.45006657,-15.91461182,-10.77154541,-11.98565674,0,0,0,0,0,1816.52,1533.18,2759.66,1,2,7,61.24,57.99,214.45
2016/3/18 6:00,75.32267761,76.9962616,83.01506042,78.58439636,0.058189817,0.003051758,0.217964172,0.100353241,-18.8821373,-19.49685669,-15.56350708,-16.36758423,4.45E-05,0,0.000385895,0,0,472.34,490.12,520.24,1,2.333,9,45.6,31.19,249.07
2016/3/18 9:00,82.12141418,83.39251709,89.57244873,86.40350342,0.091416255,0.030502319,0.273162842,0.226402283,-21.86861038,-22.53453064,-18.15403748,-20.87864685,0.000137109,0,0.000759755,0,0,1104.78,1040.64,2337.61,1,1.667,6,62.75,44.18,248.62
2016/3/23 9:00,84.45600891,84.42999268,87.07171631,85.22613525,0.208962545,0.182832718,0.722383499,0.222856522,-9.114131927,-9.844818115,-2.877532959,-8.896331787,0,0,0,0,0,2128.97,2197.14,3125.47,1,1.667,6,136.74,132.93,249.07
2016/3/23 12:00,87.18441772,86.22134399,91.20742798,90.15689087,0.267160892,0.160025552,0.641287744,0.459830225,-10.5310297,-11.23129272,-5.602020264,-9.971405029,0,0,0,0,0,3099.84,3207.44,3723.38,1,1.667,6,32.83,25.92,236.76
2016/4/4 6:00,73.23900604,71.69099426,86.12117004,84.79646301,0.037887573,0,0.155708313,0.040737152,-0.824540854,0.151763916,1.031890869,0.808258057,0,0,0,0,0,419.38,382.64,799.18,1,1,4,27.18,23.58,200.64
2016/4/12 9:00,78.9704895,84.37348938,88.26899719,85.64741516,0.432032257,0.198226929,0.994827271,0.956283569,0.096805148,-0.293914795,2.91104126,0.845001221,0.005581631,0.00024261,0.020113774,0.011789612,0,3332.21,3083.21,5008.52,1,2,7,55.68,56.09,238.93
2016/4/14 9:00,68.91235352,68.24850464,77.73458862,72.85128784,0.326585561,0.020935059,0.991836548,0.881195068,-3.49507308,-3.567962646,1.125152588,-0.860198975,0.007016937,0,0.049411319,0.000872649,0,1605.84,1637.8,2503.85,1,4.333,32,92.62,82.39,249.07
2016/4/17 9:00,78.71754456,77.86988831,83.41944885,81.03663635,0.202480733,0.092346191,0.62298584,0.27293396,-4.019080162,-3.733734131,-0.317840576,-1.097625732,0.000234566,0,0.002034591,0,0,432.34,432.34,597.16,1,2,7,80.02,66.66,248.84
2016/4/24 9:00,73.11261749,74.34753418,77.53088379,74.83972168,0.350223303,0.245566666,0.775534928,0.668952286,2.039594889,2.581695557,6.436187744,3.6144104,0,0,0,0,0,777.84,762.78,1591.36,1,1.667,6,36.17,25.85,248.02
2016/4/25 9:00,70.01410675,71.25634766,72.87841797,72.28076172,0.151899546,0,0.583084106,0.321258545,4.788496017,5.475494385,7.268585205,6.757720947,0,0,0,0,0,1255.45,1212.18,2019.91,1,1.667,6,61.97,52.38,249.07
2016/11/3 9:00,86.97064972,87.85191345,89.35362244,88.91514587,0.138292104,0.026519775,0.755386353,0.10244751,-11.51536369,-11.49111938,-9.644256592,-10.74893188,0.000243594,0,0.0014611,5.01E-05,0,4901.86,4903.65,7476.93,1,3.667,22,83.56,71.38,249.07
2016/12/7 9:00,75.38082886,74.62556458,84.095047,76.86384583,0,0,0,0,-26.5428524,-25.17607117,-21.62773132,-22.93803406,0,0,0,0,0,3799.81,3861.65,5918.03,1,2,7,62.08,57.68,222.35
2016/12/7 15:00,74.60808563,72.87390137,83.52062988,76.76818848,0,0,0,0,-26.4260025,-25.81155396,-21.75222778,-23.50662231,0,0,0,0,0,6222.54,5714.29,9180.85,1,2.667,12,93.76,81.41,249.07
2016/12/9 6:00,77.87394714,76.89253235,83.25190735,81.46846008,0.02497228,0.007026672,0.141899109,0.01506424,-27.64937019,-23.46176147,-21.29281616,-23.17904663,0,0,0,0,0,1270.18,1270.18,1270.18,0,3.333,18,80.22,47.25,248.84
2016/12/9 15:00,73.22251129,73.38749695,79.01713562,77.41630554,0.014569176,0,0.128070831,0,-25.5623436,-21.69195557,-18.59234619,-19.87017822,0,0,0,0,0,1480.84,1607.93,1907.77,0,3.667,22,27.81,22.01,206.74
2016/12/20 9:00,89.63711548,90.04455566,95.15856934,93.10778809,0.274042755,0.120574951,0.895431519,0.421707153,-16.46554565,-16.61953735,-11.67202759,-14.1078186,0.000692936,0,0.00509643,0.000385917,0,11444.11,12173.08,17632.9,1,1.333,5,54.91,43.05,248.96
2017/1/2 9:00,51.04892349,51.84107971,56.06080627,55.04493713,0.041461945,0.010009766,0.207000732,0.047622681,-8.340830803,-7.521087646,-3.080657959,-7.077972412,0,0,0,0,0,2070.88,2070.88,2070.88,0,1.667,6,47.53,42.06,221.27
2017/1/18 15:00,104.1595459,104.0185699,112.0517731,107.0544586,0.261784881,0.218826294,0.686264038,0.348983765,-39.49619675,-40.40534973,-32.64118958,-38.81306458,0,0,0,0,0,3011.17,3095.89,3867.73,0,3.333,18,59.25,44.46,248.16
2017/3/1 12:00,80.159729,77.83854675,88.9962616,87.66618347,0.142215177,0.106671512,0.372258365,0.245877445,-23.58332634,-24.06671143,-20.44500732,-22.02484131,5.59E-05,0,0.000290653,0,0,2679.9,2679.9,2712.24,1,4.667,39,81.48,76.22,246.68
2017/3/27 6:00,78.82058716,77.33596802,84.13699341,80.58377075,0.008075714,0,0.070674896,0,-13.56714916,-13.79208374,-10.79696655,-12.38119507,0,0,0,0,0,944.1,748.13,1927.72,1,4.667,39,70.6,62.21,249.07
2017/3/27 9:00,83.71348572,84.20825195,86.80957031,84.97253418,0.02340338,0,0.078361511,0.064043045,-17.25018311,-16.82452393,-14.65594482,-16.33099365,0,0,0,0,0,3820.17,3820.17,3828.37,1,5.667,67,101.93,82.12,249.07
2017/4/9 9:00,83.25739288,83.51881409,86.91371155,85.99195862,0.013504241,0.00253582,0.050009727,0.024377823,-7.410424232,-8.037078857,-3.155487061,-5.793304443,0,0,0,0,0,2197.56,2210.98,2690.9,1,2.667,12,90.83,85.11,249.07
2017/4/12 9:00,64.24482727,61.13301086,75.97773743,67.02461243,0.052151576,0.059482574,0.138259888,0.074417114,-3.164988279,-3.421051025,-1.118255615,-2.076568604,0,0,0,0,0,1688.84,1408.04,3072.24,1,1,4,31.34,27.21,186.84
2017/4/14 9:00,72.57626343,74.08638,76.73066711,74.44624329,0,0,0,0,-3.011294842,-2.539276123,-1.540374756,-2.108795166,0,0,0,0,0,1237.13,1242.57,1693.39,1,2,7,73.89,68.5,228.44
2017/4/16 9:00,72.00011444,72.11334229,77.5647583,73.37408447,0.312825531,0.030136108,0.930648804,0.859085083,-4.611772537,-4.886199951,-1.160369873,-4.211273193,0.002761089,0.000179512,0.012849458,0.00290852,0,2134.36,2098.63,2579.36,1,1,4,30.16,16.36,243.03
2017/4/19 9:00,60.44308853,60.48594666,69.86289978,64.15000916,0,0,0,0,-4.811682701,-5.021942139,-1.917938232,-4.480560303,0,0,0,0,0,1964.08,1880.17,2737.85,1,1.333,5,52.63,34.75,248.62
2017/4/20 6:00,52.65800476,55.05155945,59.69999695,57.33720398,0,0,0,0,-3.570431232,-3.518157959,-1.433563232,-2.791595459,0,0,0,0,0,3621.45,3611.72,3791.31,1,4,27,39.15,21.86,217.43
2017/4/23 9:00,67.16551208,68.62197876,71.0116272,69.73208618,0.02630255,0,0.080595016,0.060007095,-1.400468588,-0.459197998,-0.001190186,-0.137786865,0,0,0,0,0,597.34,597.34,1029.8,1,4.333,32,89.99,73.86,249.07
2017/9/8 9:00,80.54592133,80.36930847,83.76701355,82.65226746,0.347761214,0.245179772,0.853730798,0.542390466,4.979671955,4.493743896,6.445770264,6.294769287,0,0,0,0,0,259.34,222.28,529.96,1,5,48,101.06,80.16,249.07
2017/9/14 12:00,74.50954437,73.84637451,80.68548584,75.69476318,0.234030277,0.094895542,0.784897983,0.413636386,6.619849205,6.858184814,8.325592041,7.734161377,0.000201583,0,0.001166802,0,0,2491.81,2284.67,3313.05,1,4,27,64.48,60.15,247.7
2017/9/16 6:00,66.44403839,65.81838989,70.5617981,67.61221313,0.085604347,0.017791748,0.363708496,0.165931702,8.014842033,7.772857666,9.735748291,9.011627197,0,0,0,0,0,2844.66,2848.48,4482.84,0,3.333,18,41.08,30.96,219.42
2017/9/28 6:00,77.58217621,78.00239563,83.62031555,79.74873352,0.276229978,0.241345003,0.565960467,0.349407762,4.489986897,4.418731689,6.622650146,5.290985107,0.021163135,0.000178814,0.067090616,0.057084486,0,4941.29,4714.54,6557.77,0,6.667,111,110.46,102.36,249.07
2017/10/16 9:00,70.96302032,71.53620911,85.7759552,79.79206848,0.375883311,0.162231445,0.994827271,0.916000366,-3.260087729,-2.942108154,-1.469940186,-2.35458374,0.005156551,0,0.024737325,0.009276439,0,4942.6,4825.6,6661.67,1,1.667,6,29.78,28.72,93.95
2017/11/21 6:00,87.52688599,91.66914368,98.60517883,98.39082336,0.096517771,0,0.450424194,0.045227051,-30.2154007,-28.88304138,-26.64646912,-27.93528748,0,0,0,0,0,4223.83,4220.84,5721.84,0,4.667,39,99.26,83.77,249.07
2018/3/25 6:00,71.85042572,71.39576721,74.1174469,72.97047424,0,0,0,0,-12.53947926,-12.47750854,-9.530609131,-11.740448,0,0,0,0,0,1487.68,1282.8,2421.23,1,3,15,80.95,67.38,248.55
2018/3/25 9:00,75.17726135,74.56994629,81.6854248,75.97814941,0,0,0,0,-15.15322685,-14.94363403,-13.01296997,-14.61795044,0,0,0,0,0,3345.34,3286.56,4300.32,1,3.333,18,77.94,62.08,244.27
2018/3/25 12:00,75.38624573,77.32325745,84.98780823,78.86134338,0,0,0,0,-16.56190681,-16.04385376,-14.6468811,-15.22024536,0,0,0,0,0,1799.05,2028.47,2327.43,1,2,7,39.83,33.93,218.02
2018/3/26 12:00,73.62020874,78.61988831,87.95631409,81.53297424,0,0,0,0,-16.33318138,-15.26602173,-12.24136353,-14.62564087,6.72E-05,0,0.000628643,0,0,1493.26,1353.04,2567,1,1.333,5,49.75,40.19,247.82
2018/4/4 12:00,77.93336487,78.8309021,83.63729858,81.35140991,0.044347126,0.015193939,0.126644135,0.09040451,-15.86574936,-16.08508301,-13.83105469,-15.4163208,0.0034846,0.000483124,0.010750256,0.009871554,0,2080.37,2205.58,3243.45,1,1.667,6,33.75,25.41,246.22
2018/4/10 6:00,64.92636108,66.95018005,70.71092224,67.90354919,0.002268791,0,0.015174627,0.002041101,-0.082258433,-0.357391357,3.48928833,0.602325439,0,0,0,0,0,862.86,949.62,1090.78,1,4,27,60.52,56.06,239.45
2018/4/12 9:00,80.87304688,81.68847656,84.54418945,83.37402344,0.102803044,0.062841967,0.400648683,0.161810473,-1.383568645,-1.724090576,2.384063721,-0.775482178,0,0,0,0,0,494.07,494.07,494.07,1,1.333,5,35.21,32.98,188.07
2018/8/26 9:00,79.01128387,78.48825073,85.90817261,82.35983276,0.106991239,0.05480957,0.3279953,0.158233643,7.190941811,7.14956665,8.148834229,8.039337158,0,0,0,0,0,6319.98,5446.16,12021.16,1,4.667,39,97.6,41.24,249.07
2018/9/10 12:00,79.86050415,79.93688965,83.99060059,82.73254395,0.001569086,0,0.014121771,0,1.823584676,1.5340271,3.513580322,2.474884033,0,0,0,0,0,2095.17,1814.75,3473.16,1,2.667,12,59.45,34.29,238.26
2018/9/29 9:00,70.82331848,70.34051514,76.41790771,72.18060303,0,0,0,0,0.527821839,1.304229736,3.036407471,1.832061768,0,0,0,0,0,4095.44,4229.62,5626.09,1,2,7,89.27,77.94,249.07
2018/10/1 12:00,50.52870178,53.109375,58.81738281,56.82568359,0,0,0,0,-1.504513264,-1.301727295,1.632354736,-0.288665771,0,0,0,0,0,3560,3501.88,4884.46,1,3.667,22,70.54,64.14,247.59
2018/11/5 6:00,59.65785217,54.21557617,88.06030273,78.28393555,0.00591098,0,0.05051136,0.000152588,-16.32131958,-15.35354614,-13.51980591,-13.80007935,0,0,0,0,0,5393.68,5172.54,8526.81,0,5,48,105.65,100.61,230.27
2019/2/1 6:00,78.03093719,78.17492676,85.49035645,83.1607666,0,0,0,0,-25.86808586,-24.69924927,-20.15774536,-22.30715942,0,0,0,0,0,1804.1,1898.88,2253.51,0,3.333,18,54.68,45.85,248.73
2019/2/1 9:00,80.44780731,82.09884644,90.31710815,86.03878784,0.003440168,0,0.030961514,0,-25.53604317,-24.22660828,-19.70927429,-21.79789734,0,0,0,0,0,5461.37,5190.83,7129.48,1,2.333,9,51.43,38.63,239.45
2019/4/1 9:00,63.88198471,64.18727112,68.73512268,66.06910706,0,0,0,0,-1.587290406,-1.80770874,0.064971924,-1.172454834,0,0,0,0,0,3215.32,2989.31,4893.31,1,2.667,12,54.93,51.47,213.55
2019/4/1 12:00,62.71967316,63.49295044,68.759552,64.97927856,0.000844399,0,0.007599592,0,-0.732160807,-0.7449646,1.171295166,-0.204864502,0,0,0,0,0,2227.67,2249.31,3396,1,2,7,44.37,40.67,216.67
2019/4/5 9:00,59.74504852,56.04626465,77.39587402,72.1541748,0.124666005,0,0.523269653,0.206665039,-7.179494381,-7.303314209,-2.843109131,-5.702728271,0,0,0,0,0,309.79,302.54,578.87,1,1.667,6,33.05,25.31,238.56
2019/4/5 12:00,63.88671112,60.60795593,85.14311218,79.65678406,0.055032518,0.021194458,0.220993042,0.054523468,-10.10550594,-10.04037476,-4.860443115,-7.921478271,0,0,0,0,0,835.11,835.11,1163.37,1,2.667,12,38.76,21.75,189.51
2019/4/15 9:00,78.39039612,77.78443909,81.48268127,80.10426331,0.224394053,0.182006836,0.564926147,0.267974854,-0.035769992,-0.216094971,1.086883545,0.822418213,0,0,0,0,0,1586.39,1586.39,1586.39,1,2.333,9,33.55,25.01,223.54
2019/4/25 9:00,69.21681213,67.55006409,76.15211487,75.76490784,0.271799713,0.024276733,0.877822876,0.60295105,-3.273515463,-3.326263428,-0.216156006,-2.843109131,0,0,0,0,0,2303.68,2240.6,3241.17,1,1.667,6,75.58,79.04,227.41
2019/4/27 9:00,52.18687057,53.70195007,59.14286804,57.34599304,0,0,0,0,-2.86612606,-2.553436279,-0.636077881,-1.144256592,0,0,0,0,0,5195.78,5282.36,6286.99,1,1.667,6,97.58,86.99,239.69
2019/4/28 9:00,50.97141266,49.99685669,58.68362427,54.25296021,0,0,0,0,-1.482832193,-1.731658936,0.594696045,-1.593597412,0,0,0,0,0,489.62,483.23,780.75,1,0.333,2,49.99,42.97,224.48
